"HITId","HITTypeId","Title","Description","Keywords","Reward","CreationTime","MaxAssignments","RequesterAnnotation","AssignmentDurationInSeconds","AutoApprovalDelayInSeconds","Expiration","NumberOfSimilarHITs","LifetimeInSeconds","AssignmentId","WorkerId","AssignmentStatus","AcceptTime","SubmitTime","AutoApprovalTime","ApprovalTime","RejectionTime","RequesterFeedback","WorkTimeInSeconds","LifetimeApprovalRate","Last30DaysApprovalRate","Last7DaysApprovalRate","Input.image_o","Input.image_e","Input.image_b","Answer.commentbox","Answer.implications_0","Answer.implications_1","Answer.implications_2","Answer.intent_0","Answer.intent_1","Answer.intent_2","Answer.mp1_box","Answer.mp1_feel_0","Answer.mp1_feel_1","Answer.mp1_feel_2","Answer.mp1_no_box_tf","Answer.mp1radio","Answer.mp2_box","Answer.mp2_feel_0","Answer.mp2_feel_1","Answer.mp2_feel_2","Answer.mp2radio","Answer.mp3_box","Answer.mp3_feel_0","Answer.mp3_feel_1","Answer.mp3_feel_2","Answer.mp3_no_box_tf","Answer.mp3radio","Answer.pos_neg_tf","Approve","Reject"
"306996CF6YYM26Q0XROB8RBFP4QB1L","3IEVTRZRYLU17W8D8SOIX78G089G5E","Write captions about photoshopped images","Given an edited image and a set of questions, write captions that answer those questions. Interesting!","image, question, answer, AI","$0.92","Wed Feb 05 22:14:06 PST 2020","1","BatchId:3912645;OriginalHitTemplateId:928390828;","10800","259200","Wed Feb 12 22:14:06 PST 2020","","","3IXQG4FA2WD7EVRPR696CHPOQYPB9Z","A3P9TM5PRYBH90","Approved","Wed Feb 05 22:29:10 PST 2020","Wed Feb 05 23:32:30 PST 2020","Sat Feb 08 23:32:30 PST 2020","Thu Feb 06 11:57:25 PST 2020","","","3800","100% (874/874)","100% (607/607)","100% (55/55)","https://imgur.com/30pqDO9.jpg","https://i.imgur.com/UlWDpAE.jpg","http://jeffda.com/research/part4/2142_boxes.jpg","I would like to do more of these but I often don't understand the meaning of the edit. Other times it's really just little joke. For example, if an edit makes fun a a person's pose by putting them in a humorous situation I don't feel I can say enough about it without repeating myself. An edit that directly lampoons or praises a person makes it much easier to write about its motivations and implications. Also, in the new instructions the descriptors labeled as bad are almost all used in the example.","This edit could potentially be used to make MP1 look like a hero in his special gear because MP1 is a comic book superhero.","This edit could potentially be used to make MP1 look powerful because MP1 is standing up to a strong adversary.","This edit could potentially be used to Make MP1 seem larger than life because MP1 is engaging in a fantastic battle.","Editor created this edit to point out that MP1's protective equipment looks like superhero armor because MP1 is in a comic book.","Editor created this edit to make MP1 look like a hero because MP1 is facing off against a powerful villain.","Editor created this edit to make MP1 look powerful because MP1 is glowing with dynamic energy.","1","MP1 would feel like a superhero because MP1 is in a comic book panel.","MP1 would fell powerful because MP1 is glowing with energy.","MP1 would feel brave because MP1 is boldly facing an adversary.","","y","{}","MP2 would","MP2 would","MP2 would","n","{}","MP3 would","MP3 would","MP3 would","","n","n"
"37S0QRNUFDULB8CET0DGWZ8MV4B883","3IEVTRZRYLU17W8D8SOIX78G089G5E","Write captions about photoshopped images","Given an edited image and a set of questions, write captions that answer those questions. Interesting!","image, question, answer, AI","$0.92","Wed Feb 05 22:14:06 PST 2020","1","BatchId:3912645;OriginalHitTemplateId:928390828;","10800","259200","Wed Feb 12 22:14:06 PST 2020","","","33SA9F9TR09GXUGHU8LOR93KRX1EW8","A17LF7GCAFYMSL","Approved","Thu Feb 06 01:14:48 PST 2020","Thu Feb 06 03:56:29 PST 2020","Sun Feb 09 03:56:29 PST 2020","Thu Feb 06 11:57:26 PST 2020","","","9701","100% (17/17)","100% (17/17)","100% (16/16)","http://i.imgur.com/9e8mGtk.jpg","http://i.imgur.com/hXz7BQL.png","http://jeffda.com/research/part4/2702_boxes.jpg","{}","This edit could potentially be used to make MP1 feel like a hero because he does things that no one else can do","This edit could potentially be used to make MP1 feel like an earthly god because everyone bow before him and respect him","This edit could potentially be used to make MP1 feel like a supreme being because he believe in himself and no one is up to his standard","Editor created this edit to make MP1 seem no power can be compare to his own because wonderful things are been made by him","Editor created this edit to make MP1 feel he is a god that everyone need to be scared of because he has great muscles","Editor created this edit to make MP1 feel that no one is like him, because he just to believe that he his perfect","1","MP1 would feel that his the greatest of all, because some supernatural stuff are happening to him and he can't understand it","MP1 would feel that he is perfect and awesome because the power that lies within him is beyond  his power","MP1 would feel his the greatest and that no person can defeat him because he believe in himself","","y","{}","MP2 would","MP2 would","MP2 would","n","{}","MP3 would","MP3 would","MP3 would","","n","n"
"3YZ7A3YHR77K7A8L90CI16YW58HS5L","3IEVTRZRYLU17W8D8SOIX78G089G5E","Write captions about photoshopped images","Given an edited image and a set of questions, write captions that answer those questions. Interesting!","image, question, answer, AI","$0.92","Wed Feb 05 22:14:06 PST 2020","1","BatchId:3912645;OriginalHitTemplateId:928390828;","10800","259200","Wed Feb 12 22:14:06 PST 2020","","","3GGAI1SQEYD5VK2PUF96SN1Q8JVMCH","AKVQTFH16ICGZ","Approved","Thu Feb 06 04:12:44 PST 2020","Thu Feb 06 05:20:52 PST 2020","Sun Feb 09 05:20:52 PST 2020","Thu Feb 06 11:57:31 PST 2020","","","4088","100% (62/62)","100% (60/60)","100% (60/60)","https://i.redd.it/qwi5pjy13m431.jpg","https://i.imgur.com/PvpnGkj.jpg","http://jeffda.com/research/part4/2386_boxes.jpg","{}","This edit could potentially be used to show that MP1 is strong enough to compete in a sport as dangerous as roller derby.","This edit could potentially be used to show that MP1 is a timid person and needs to pray to feel safe during sport events.","This edit could potentially be used to show that violent sports can be enjoyed by all kinds of people, even religious ones.","Editor created this edit to show that MP1 is tough and would have no problems competing in the tough sport of roller derby.","Editor created this edit to show that MP1 is scared of doing sports so he needs to pray for safety.","Editor created this edit to show that even people of faith, like MP1, can enjoy violent sports from time to time.","8","MP1 would feel proud that people think he could be in as tough a sport as roller derby.","MP1 would find it funny that it looks like he's praying for a good derby match for his team.","MP1 would be feel downhearted that people don't take him seriously as a person of faith.","","y","{}","MP2 would","MP2 would","MP2 would","n","{}","MP3 would","MP3 would","MP3 would","","n","y"
"3QI9WAYOGSPGQE8ZEJMNTCCW13SS61","3IEVTRZRYLU17W8D8SOIX78G089G5E","Write captions about photoshopped images","Given an edited image and a set of questions, write captions that answer those questions. Interesting!","image, question, answer, AI","$0.92","Wed Feb 05 22:14:06 PST 2020","1","BatchId:3912645;OriginalHitTemplateId:928390828;","10800","259200","Wed Feb 12 22:14:06 PST 2020","","","3300DTYQT5WBDXKVIZMIZKLY3W5EQP","AKVQTFH16ICGZ","Approved","Thu Feb 06 04:12:45 PST 2020","Thu Feb 06 05:29:42 PST 2020","Sun Feb 09 05:29:42 PST 2020","Thu Feb 06 11:57:29 PST 2020","","","4617","100% (62/62)","100% (60/60)","100% (60/60)","https://i.redd.it/r3z039pks2u01.png","https://i.imgur.com/G3gkzUD.jpg","http://jeffda.com/research/part4/1806_boxes.jpg","{}","This edit could potentially be used to show that MP1 could secretly be a criminal by putting her into a movie poster about Gangs in Britain.","This edit could potentially be used to make fun of MP1's outfit making her look like a getaway driver.","This edit could potentially be used to show that MP1 has the personality that would make it seem like gang life go well for her because she looks like a sweet old lady.","Editor created this edit to show that MP1 is someone who'd take to the gang life well because she already has the driving skills for it.","Editor created this edit to make fun of MP1's shortness and outfit making her look like she's driving a getaway vehicle.","Editor created this edit to portray MP1 as a criminal by placing her in a movie poster about gangs.","person at the wheel in the car","MP1 would like a movie star because it now looks like she's a stunt driver.","MP1 would be worried that people would think she's a thug because of her being show to be one of the gang drivers.","MP1 would feel like a bad person because people will think she's in a movie about gangs in Britain.","no_box","y","{}","MP2 would","MP2 would","MP2 would","n","{}","MP3 would","MP3 would","MP3 would","","n","y"
"3UYRNV2KIVD6EFZIZ22ZEWYHKZAN86","3IEVTRZRYLU17W8D8SOIX78G089G5E","Write captions about photoshopped images","Given an edited image and a set of questions, write captions that answer those questions. Interesting!","image, question, answer, AI","$0.92","Wed Feb 05 22:14:06 PST 2020","1","BatchId:3912645;OriginalHitTemplateId:928390828;","10800","259200","Wed Feb 12 22:14:06 PST 2020","","","32Q90QCQ1V0P2UM05U2L3Y9P4QDKE3","AKVQTFH16ICGZ","Approved","Thu Feb 06 04:13:13 PST 2020","Thu Feb 06 06:59:55 PST 2020","Sun Feb 09 06:59:55 PST 2020","Thu Feb 06 11:57:30 PST 2020","","","10002","100% (62/62)","100% (60/60)","100% (60/60)","https://i.redd.it/9sfups32bf441.jpg","https://i.imgur.com/o5CLKCG.jpg","http://jeffda.com/research/part4/777_boxes.jpg","{}","This edit could potentially be used to show that MP1 is an animal lover because he's looking at a puppy.","This edit could potentially be used to show that MP1 is easily distracted by animals because he's turning to look at a puppy.","This edit could potentially be used to show that MP1 can't be a good leader because he's looking at a puppy instead of working.","Editor created this edit to show that MP1 is easily distracted because he can't stop looking at a puppy.","Editor created this edit to show that MP1 likes animals as he is looking at a puppy instead of focusing on work.","Editor created this edit to show that MP1 can't stay on task because he's looking at a puppy during a work meeting.","1","MP1 would feel conflicted because he's at work but there's a puppy near him and it's adorable.","MP1 would be upset that it looks like he's easily distracted because he's looking at a puppy.","MP1 would be startled that someone would bring a puppy to a public important event.","","y","{}","MP2 would","MP2 would","MP2 would","n","{}","MP3 would","MP3 would","MP3 would","","n","y"
"3MQY1YVHS5YTRR8WGVOPDALKHA4B22","3IEVTRZRYLU17W8D8SOIX78G089G5E","Write captions about photoshopped images","Given an edited image and a set of questions, write captions that answer those questions. Interesting!","image, question, answer, AI","$0.92","Wed Feb 05 22:14:06 PST 2020","1","BatchId:3912645;OriginalHitTemplateId:928390828;","10800","259200","Wed Feb 12 22:14:06 PST 2020","","","3FTOP5WARI3V0K1OF23UHU78V2G0JF","A28AXX4NCWPH1F","Approved","Thu Feb 06 07:05:28 PST 2020","Thu Feb 06 07:37:54 PST 2020","Sun Feb 09 07:37:54 PST 2020","Thu Feb 06 11:57:28 PST 2020","","","1946","100% (57/57)","100% (57/57)","100% (57/57)","https://i.redd.it/815pig2tn36x.jpg","http://i.imgur.com/8OJ841j.jpg","http://jeffda.com/research/part4/658_boxes.jpg","{}","This edit could potentially be used to people see mp1 as someone running away from foreign policies, because he is running away from an 'Make America Great Again' sign.","This edit could potentially be used to affiliate mp1 with 'MAGA' because a MAGA sign appears behind him.","This edit could potentially be used to make mp1 seem to stand up against 'MAGA' because he is running away from the MAGA sign.","Editor created this edit to make people think mp1 is running for making america great again because the word appear on a sign behind him.","Editor created this edit to make mp1 look like he is distancing himself from ""Make America Great Again"" because he is running away from the sigh behind him.","Editor created this edit to demoralize mp1 because a 'Make America Great Again"" sign is looming behind him.","1","MP1 would feel athletic because he is participating in a marathon and that requires a level of athleticism.","MP1 would feel like he is promoting making America great again because there is a sign behind him.","MP1 would feel insulted because there is a Make America Great again sign behind him and he doesn't stand for that.","","y","{}","MP2 would","MP2 would","MP2 would","n","{}","MP3 would","MP3 would","MP3 would","","n","y"
"3JMQI2OLF1JIVAV9GADF0OCIVQ7DN2","3IEVTRZRYLU17W8D8SOIX78G089G5E","Write captions about photoshopped images","Given an edited image and a set of questions, write captions that answer those questions. Interesting!","image, question, answer, AI","$0.92","Wed Feb 05 22:14:06 PST 2020","1","BatchId:3912645;OriginalHitTemplateId:928390828;","10800","259200","Wed Feb 12 22:14:06 PST 2020","","","3PIWWX1FJML22Q2A1AD0ZZM4UBIJJ1","A28AXX4NCWPH1F","Approved","Thu Feb 06 06:56:43 PST 2020","Thu Feb 06 07:24:19 PST 2020","Sun Feb 09 07:24:19 PST 2020","Thu Feb 06 11:57:27 PST 2020","","","1656","100% (57/57)","100% (57/57)","100% (57/57)","https://i.redd.it/8ret99iwbmw11.jpg","https://i.imgur.com/Kou8P8I.png","http://jeffda.com/research/part4/81_boxes.jpg","{}","This edit could potentially be used to make mp1 one seem like a what is wrong with the world because everything around him is on fire and smoking.","This edit could potentially be used to make people think of how human are ruining this world with destruction and pollution and that is why mp1 is wearing a gas mask.","This edit could potentially be used to make people aware of how the world is crumbling and only the strongest will survive, hence why mp1 is wrong out through the flames.","Editor created this edit to make mp1 appear to be a mischief-maker because he walking through an apocalyptic setting with fire and smoke around him.","Editor created this edit to make mp1 appear to be unaffected by a world on in war because he is walking calmly through fire.","Editor created this edit to make people think of mp1 one as a resistance fighter in a war because he is walking through what look like hell on earth.","1","MP1 would feel resistant to fire because he is walking through tires that are burning.","MP1 would feel like a legend of a video game because he is walking through fire and smoke while looking calm.","MP1 would feel like an anti hero because he is walking menacingly through fire and smoke.","","y","{}","MP2 would","MP2 would","MP2 would","n","{}","MP3 would","MP3 would","MP3 would","","n","n"
"39KV3A5D1ALZUEM4XTRFZQCSWECS70","3IEVTRZRYLU17W8D8SOIX78G089G5E","Write captions about photoshopped images","Given an edited image and a set of questions, write captions that answer those questions. Interesting!","image, question, answer, AI","$0.92","Wed Feb 05 22:14:06 PST 2020","1","BatchId:3912645;OriginalHitTemplateId:928390828;","10800","259200","Wed Feb 12 22:14:06 PST 2020","","","3XLBSAQ9Z7RZIA6CINRPK35LMEZ7Z7","A28AXX4NCWPH1F","Approved","Thu Feb 06 07:06:52 PST 2020","Thu Feb 06 08:05:02 PST 2020","Sun Feb 09 08:05:02 PST 2020","Thu Feb 06 11:57:27 PST 2020","","","3490","100% (57/57)","100% (57/57)","100% (57/57)","https://i.redd.it/q75othbaaaf01.jpg","https://i.imgur.com/yn3f7MS.jpg","http://jeffda.com/research/part4/1046_boxes.jpg","{}","This edit could potentially be used to make people think mp1 only does evil deeds because a pin on his jacket is the dollar symbol, and he is wearing creepy makeup.","This edit could potentially be used to make mp1 appear cold-blooded and money orientated because of the dollar pin on his jacket.","This edit could potentially be used to make people distrust mp1 because he is looking derange on the count of the Joker makeup.","Editor created this edit to symbolize mp1 being an evil and money hungry person because he looks like the Joker and has a money pin on his jacket.","Editor created this edit to make people see mp1 as a villain because he looks evil and vile with the Joker makeup.","Editor created this edit to make people feel antipathy towards mp1 because he appears to be the villain The Joker.","1","MP1 would feel deadly because he has Joker makeup and looks evil.","MP1 would threatening because he looks like the villain The Joker.","MP1 would feel upper class and evil because there is a dollar pin on his jacket and he is wearing Joker make up.","","y","{}","MP2 would","MP2 would","MP2 would","n","{}","MP3 would","MP3 would","MP3 would","","n","y"
"3OPLMF3EU711TMJ1TRB3J1KN4Z9LNQ","3IEVTRZRYLU17W8D8SOIX78G089G5E","Write captions about photoshopped images","Given an edited image and a set of questions, write captions that answer those questions. Interesting!","image, question, answer, AI","$0.92","Wed Feb 05 22:14:06 PST 2020","1","BatchId:3912645;OriginalHitTemplateId:928390828;","10800","259200","Wed Feb 12 22:14:06 PST 2020","","","3X73LLYYQ4T2UAY5S827GTN6Q0FNHU","AHVM9ORYY3F5J","Approved","Wed Feb 05 23:00:59 PST 2020","Wed Feb 05 23:36:48 PST 2020","Sat Feb 08 23:36:48 PST 2020","Thu Feb 06 11:57:29 PST 2020","","","2149","100% (8/8)","100% (7/7)","100% (7/7)","http://static4.businessinsider.com/image/547eb7486bb3f7e81b6044d3/north-korea-has-banned-the-use-of-the-name-kim-jong-un.jpg","https://i.imgur.com/6DSVRmk.jpg","http://jeffda.com/research/part4/1607_boxes.jpg","{}","This edit could potentially be used to make MP1 seem like a lousy joke of a person because their appearance looks brainless and infantile.","This edit could potentially be used to make others giddy with hilarity because MP1 looks like a famous anime character.","This edit could potentially be used to disregard the administration and country of MP1 because their ludicrous appearance makes them be taken less seriously.","Editor created this edit to present MP1 as a dopey moron by putting a juvenile hairdo on their head.","Editor created this edit to make MP1 look like impotent ruler by showing him playing with anime trading cards instead of doing more thoughtful political work.","Editor created this edit to absurdly make reference to the anime and trading card game Yugioh by making MP1 into the main character of that franchise.","1","MP1 might feel his authority is being undermined because they are made to look like a childish anime character.","MP1 might find it preposterous they are holding an anime trading card because they do not collect such things.","MP1 might feel ridiculed because they have a wacky and cartoonish hair style on their head.","","y","{}","MP2 would","MP2 would","MP2 would","n","{}","MP3 would","MP3 would","MP3 would","","n","y"
"3OEWW2KGQLP0DVVLHPDSFDCNL0CDOH","3IEVTRZRYLU17W8D8SOIX78G089G5E","Write captions about photoshopped images","Given an edited image and a set of questions, write captions that answer those questions. Interesting!","image, question, answer, AI","$0.92","Wed Feb 05 22:14:06 PST 2020","1","BatchId:3912645;OriginalHitTemplateId:928390828;","10800","259200","Wed Feb 12 22:14:06 PST 2020","","","3CFJTT4SXW5DNKH2IJ33K82VQZZ7I8","A17LF7GCAFYMSL","Approved","Thu Feb 06 01:14:46 PST 2020","Thu Feb 06 01:22:10 PST 2020","Sun Feb 09 01:22:10 PST 2020","Thu Feb 06 11:57:29 PST 2020","","","444","100% (17/17)","100% (17/17)","100% (16/16)","http://imgur.com/G3p2TsW.jpg","http://i.imgur.com/WSeG7Yx.jpg","http://jeffda.com/research/part4/1649_boxes.jpg","{}","This edit could potentially be used to  make MP1 feel like a pathetic being because he is very ugly and look like an animal","This edit could potentially be used to make MP1 feel like a sorrowful being because he lost his pride because of his ugly face","This edit could potentially be used to make MP1 seem disrespected because no one will listen ton him all because of his ugly beards and mustarch","Editor created this edit to make MP1 appear like a monkey because his face is been pressed to one side and that makes him ugly","Editor created this edit to make Mp1 feel inferior because all is fellow man are handsome and he look like an animal in the zoo","Editor created this edit to make MP1 feel like he is not needed in the society because his face look like something that is ugly","1","MP1 would feel useless because his head looks like that of a log wood","MP1 would feel shame because his mustarch  like like that of the 80's","MP1 would feel like a godzilla because he look like a monkey","","y","{}","MP2 would","MP2 would","MP2 would","n","{}","MP3 would","MP3 would","MP3 would","","n","y"
"3B623HUYJ643USRN7YJLDQ8N7YIS8N","3IEVTRZRYLU17W8D8SOIX78G089G5E","Write captions about photoshopped images","Given an edited image and a set of questions, write captions that answer those questions. Interesting!","image, question, answer, AI","$0.92","Wed Feb 05 22:14:06 PST 2020","1","BatchId:3912645;OriginalHitTemplateId:928390828;","10800","259200","Wed Feb 12 22:14:06 PST 2020","","","3X3OR7WPZ2FJDZURDRSMQOQIIRN8L6","AKVQTFH16ICGZ","Approved","Thu Feb 06 10:35:31 PST 2020","Thu Feb 06 11:22:50 PST 2020","Sun Feb 09 11:22:50 PST 2020","Thu Feb 06 11:57:27 PST 2020","","","2839","100% (62/62)","100% (60/60)","100% (60/60)","http://i.imgur.com/wSDmD.jpg","http://i.imgur.com/Q6Zj9.jpg","http://jeffda.com/research/part4/2619_boxes.jpg","{}","This edit could potentially be used to show that MP1 is a creepy who enjoys setting fire to his lower body because of the censor bar.","This edit could potentially be used to show that MP1 is a destructive individual who enjoys setting things on fire because it looks as though he's smiling through his anger.","This edit could potentially be used to make MP1 look like he's gone insane and has displayed his lower body to the world because the picture is censored along with him holding a flaming object.","Editor created this edit to convey that MP1 is insane and likes to set fire to things, because he's currently holding a branch that's on fire.","Editor created this edit to show that MP1 is a pervert who likes setting himself on fire because the censor bar is masking the branch.","Editor created this edit to show that MP1 is destructive and enjoys chaos because he seems to be happily screaming.","1","MP1 would chuckle because it looks like he's got his wang sticking out because of the censor bar.","MP1 would hope that no one think he's crazy because the fire makes it look like his wang is on fire.","MP1 would be concerned that it looks like he's ready to set fire to the area around him.","","y","{}","MP2 would","MP2 would","MP2 would","n","{}","MP3 would","MP3 would","MP3 would","","n","y"
"3G5RUKN2EEH6SKIS4U8DESTS45SN9V","3IEVTRZRYLU17W8D8SOIX78G089G5E","Write captions about photoshopped images","Given an edited image and a set of questions, write captions that answer those questions. Interesting!","image, question, answer, AI","$0.92","Wed Feb 05 22:14:06 PST 2020","1","BatchId:3912645;OriginalHitTemplateId:928390828;","10800","259200","Wed Feb 12 22:14:06 PST 2020","","","39K0FND3AKUH255RA1DFMSB28GAMAF","AKVQTFH16ICGZ","Approved","Thu Feb 06 04:12:41 PST 2020","Thu Feb 06 04:39:00 PST 2020","Sun Feb 09 04:39:00 PST 2020","Thu Feb 06 11:57:27 PST 2020","","","1579","100% (62/62)","100% (60/60)","100% (60/60)","https://i.ytimg.com/vi/dHyvUgM4HXU/maxresdefault.jpg","https://i.imgur.com/nB9Qgre.jpg","http://jeffda.com/research/part4/1376_boxes.jpg","{}","This edit could potentially be used to show that MP1 and MP2 have a very strong bond by having them stand so close to each other.","This edit could potentially be used to make fun of MP1's love for MP2 because he's right up inside MP1's personal space.","This edit could potentially be used to show that MP1 has an unhealthy relationship with MP2 because MP1 is trying to smell MP2 while in public.","Editor created this edit to make MP1 appear like a creep for trying to smell a president's bellybutton.","Editor created this edit to show that MP1 has too close a relationship with MP2 because most friends don't smell each other's stomachs.","Editor created this edit to show that MP2 and MP1 have a very close bond because they don't mind being at a close distance.","person smelling person on left","MP1 would find it hilarious that it looks like he's smelling MP1 because he'd never do that.","MP1 would feel upset that it looks like he's trying to be removed from the stage.","MP1 would feel sad that people think he's being creepy by smelling MP2.","no_box","y","2","MP2 would be amused that he's being smelled by MP1 because he doesn't remember that happening.","MP2 would be concerned that MP1 is getting too handsy with himself and needs to be removed.","MP2 would wonder if MP1 needs to be talked to about having a problem smelling people.","ye","{}","MP3 would","MP3 would","MP3 would","","n","y"
"3GKAWYFRAR7IYV7MWPQ74DHDV58DPY","3IEVTRZRYLU17W8D8SOIX78G089G5E","Write captions about photoshopped images","Given an edited image and a set of questions, write captions that answer those questions. Interesting!","image, question, answer, AI","$0.92","Wed Feb 05 22:14:06 PST 2020","1","BatchId:3912645;OriginalHitTemplateId:928390828;","10800","259200","Wed Feb 12 22:14:06 PST 2020","","","3XIQGXAUMFNADF6XH534NIPAEDV7X2","A28AXX4NCWPH1F","Approved","Thu Feb 06 06:51:19 PST 2020","Thu Feb 06 07:04:55 PST 2020","Sun Feb 09 07:04:55 PST 2020","Thu Feb 06 11:57:27 PST 2020","","","816","100% (57/57)","100% (57/57)","100% (57/57)","https://i.redd.it/n246ymt31k221.jpg","https://i.imgur.com/FCA7Atw.jpg","http://jeffda.com/research/part4/1112_boxes.jpg","{}","This edit could potentially be used to make mp1 seems like a affectionate human being because he is standing on a beautiful yellow field being embraced by a woman.","This edit could potentially be used to to promote environmental awareness because mp1 one is standing on a very healthy look yellow field.","This edit could potentially be used to make m1 look traditional and like a farmer because there is a red farmhouse in the background, and he is standing on a yellow field.","Editor created this edit to make mp1 seem beloved while standing out in the open air with a lovely woman.","Editor created this edit to make mp1 look dreamy while he is standing on a beautiful field with a lovingly looking woman.","Editor created this edit to make mp1 look musing and in love with a woman that looks like she loves him very much.","1","MP1 would feel beloved because a woman is hugging while they are standing in the middle of a beautiful yellow field.","MP1 would feel romantic because he is being hugged by a woman while standing out a field with a blue sky above them.","MP1 would feel a sense of house hold because he is standing with a woman and there is a red house behind them.","","y","{}","MP2 would","MP2 would","MP2 would","n","{}","MP3 would","MP3 would","MP3 would","","n","n"
"3MYASTQBG9P3Y781W25W4I7N01UDQP","3IEVTRZRYLU17W8D8SOIX78G089G5E","Write captions about photoshopped images","Given an edited image and a set of questions, write captions that answer those questions. Interesting!","image, question, answer, AI","$0.92","Wed Feb 05 22:14:06 PST 2020","1","BatchId:3912645;OriginalHitTemplateId:928390828;","10800","259200","Wed Feb 12 22:14:06 PST 2020","","","3RKNTXVS3PD1YFGL4XDJ0YU2MPPA48","AKVQTFH16ICGZ","Approved","Thu Feb 06 04:12:48 PST 2020","Thu Feb 06 06:05:50 PST 2020","Sun Feb 09 06:05:50 PST 2020","Thu Feb 06 11:57:28 PST 2020","","","6782","100% (62/62)","100% (60/60)","100% (60/60)","http://imgur.com/y66jGEm.jpg","http://i.imgur.com/injk7OY.jpg","http://jeffda.com/research/part4/2622_boxes.jpg","{}","This edit could potentially be used to make MP1 out to be a bad role model by appearing to smoke indoors.","This edit could potentially be used to show that MP1 is uncaring of those around him by making it look like he's smoking directly next to someone.","This edit could potentially be used to show that MP1 will always be watched by those around him.","Editor created this edit to show that MP1 is uncaring of those around him by smoking directly next to someone.","Editor created this edit to show that MP1 is always being watched by those around him and can't do anything without people noticing.","Editor created this edit to show that MP1 is a bad role model because he appears to be smoking inside.","The person with the cigarette.","MP1 would be annoyed that it looks like he's always being watched and can't do anything.","MP1 would feel very worried that people would think he's someone who smokes very close to other people.","MP1 would be concerned that it looks like he doesn't care about people's health by smoking indoors.","no_box","y","{}","MP2 would","MP2 would","MP2 would","n","{}","MP3 would","MP3 would","MP3 would","","n","y"
"38Z7YZ2SB5GK6IONOG67VFN0S62IQW","3IEVTRZRYLU17W8D8SOIX78G089G5E","Write captions about photoshopped images","Given an edited image and a set of questions, write captions that answer those questions. Interesting!","image, question, answer, AI","$0.92","Wed Feb 05 22:14:06 PST 2020","1","BatchId:3912645;OriginalHitTemplateId:928390828;","10800","259200","Wed Feb 12 22:14:06 PST 2020","","","39K0FND3AKUH255RA1DFMSB28GAAM3","AKVQTFH16ICGZ","Approved","Thu Feb 06 04:13:14 PST 2020","Thu Feb 06 07:03:57 PST 2020","Sun Feb 09 07:03:57 PST 2020","Thu Feb 06 11:57:27 PST 2020","","","10243","100% (62/62)","100% (60/60)","100% (60/60)","https://i.redd.it/r02eq87vo3101.jpg","https://i.imgur.com/dZ0DDqF.jpg","http://jeffda.com/research/part4/1455_boxes.jpg","{}","This edit could potentially be used to show that MP1 is a party person because they like karaoke.","This edit could potentially be used to show that MP1 would rather have fun than focus on his work because he's partying with his officers.","This edit could potentially be used to show that MP1 is irresponsible with his time because he's having fun while he should be working.","Editor created this edit to show that MP1 doesn't take their job seriously and would rather sing.","Editor created this edit to show that MP1 is more into having fun than doing their job because he's holding a microphone.","Editor created this edit to show that MP1 doesn't care about the task at hand and would rather party.","1","MP1 would find it hilarious that it looks like he's singing karaoke with his officers.","MP1 would be furious that it looks like he's playing around instead of working.","MP1 would be upset that people aren't taking him seriously because it looks like he's not working.","","y","{}","MP2 would","MP2 would","MP2 would","n","{}","MP3 would","MP3 would","MP3 would","","n","y"
"3N5YJ55YXIHKX3SXW0MDAN4CANANAA","3IEVTRZRYLU17W8D8SOIX78G089G5E","Write captions about photoshopped images","Given an edited image and a set of questions, write captions that answer those questions. Interesting!","image, question, answer, AI","$0.92","Wed Feb 05 22:14:06 PST 2020","1","BatchId:3912645;OriginalHitTemplateId:928390828;","10800","259200","Wed Feb 12 22:14:06 PST 2020","","","33FOTY3KEP08ZVG01TQ88VDNA8AC19","AHVM9ORYY3F5J","Approved","Thu Feb 06 00:06:39 PST 2020","Thu Feb 06 00:44:14 PST 2020","Sun Feb 09 00:44:14 PST 2020","Thu Feb 06 11:57:28 PST 2020","","","2255","100% (8/8)","100% (7/7)","100% (7/7)","http://i.imgur.com/gy459qf.jpg","https://i.imgur.com/oU7bjhC.jpg","http://jeffda.com/research/part4/286_boxes.jpg","{}","This edit could potentially be used to make the public chuckle at how loony MP1 looks because they have a brick for a face.","This edit could potentially be used to make those who support MP1 question their alliance because his body and mind look so useless.","This edit could potentially be used to make a proclamation on the state of politics in England by showing MP1 as a headless nitwit.","Editor created this edit to make MP1 appear to be a stooge because their head is switched with a reference to a brick, which is the height of idiocy.","Editor created this edit to make a crack at MP1 by turning them into an object of ridicule because they are a highly influential political figure.","Editor created this edit to turn the population against MP1 by illustrating a metaphor to how ineffectual they are as a ruler by making MP1 have an inhuman head.","1","MP1 might find it hilariously kooky because they are holding their own head in their hands.","MP1 might feel disgraced because the implication that their skull is a brick means they are an asinine bureaucrat.","MP1 would be personally dismayed at the reference of his mind being made out of rubble because it conjures up the reference that he is more daft than a pile of bricks.","","y","{}","MP2 would","MP2 would","MP2 would","n","{}","MP3 would","MP3 would","MP3 would","","n","y"
"3MZ3TAMYTN1KIJ3N1VV705X5OS4IRX","3IEVTRZRYLU17W8D8SOIX78G089G5E","Write captions about photoshopped images","Given an edited image and a set of questions, write captions that answer those questions. Interesting!","image, question, answer, AI","$0.92","Wed Feb 05 22:14:06 PST 2020","1","BatchId:3912645;OriginalHitTemplateId:928390828;","10800","259200","Wed Feb 12 22:14:06 PST 2020","","","3PZDLQMM0W0FOGYWKXQMDENS2HVC23","A14IPKOBOPID9H","Approved","Thu Feb 06 08:19:35 PST 2020","Thu Feb 06 09:09:10 PST 2020","Sun Feb 09 09:09:10 PST 2020","Thu Feb 06 11:57:28 PST 2020","","","2975","100% (132/132)","100% (4/4)","100% (3/3)","https://i.redd.it/y8gt1d9a2h311.jpg","https://i.imgur.com/hYCMLjD.jpg","http://jeffda.com/research/part4/554_boxes.jpg","typo in the instructions:  ""Each caption should include a response that snwers the question""I'd like to be able to bookmark the instructions so I can study them more before accepting another HIT","This edit could potentially be used to ridicule MP2 because it looks like he is not mature enough to be a leader","This edit could potentially be used to make MP2 look like he should not be a leader because he lacks the necessary level of intelligence","This edit could potentially be used to make it look like MP2 isn't respected as a leader because it looks like he has a strange relationship with MP1","Editor created this edit to make MP2 embarrassed because he looks childish in how he behaves with other leaders","Editor created this edit to demean MP2 because he looks like he does immature things when dealing with another leader","Editor created this edit to make MP2 look like he isn't fit to lead a country because he looks like he acts like a lovesick teenager","1","MP1 would be angered since it implies that he is juvenile","MP1 would be upset since it doesn't take his relationship with other leaders seriously","MP1 would be irritated since it belittles his relationship with another leader","","y","2","MP2 would be furious because he doesn't like people making fun of his relationship with another leader","MP2 would be livid because it makes his relationship with another leader look silly to the rest of the world","MP2 would be vindictive because it embarrasses him to have his relationship with another leader ridiculed","ye","{}","MP3 would","MP3 would","MP3 would","","n","y"
"36FQTHX3Z55IC94FKV2UWKQCNO4B3D","3IEVTRZRYLU17W8D8SOIX78G089G5E","Write captions about photoshopped images","Given an edited image and a set of questions, write captions that answer those questions. Interesting!","image, question, answer, AI","$0.92","Wed Feb 05 22:14:07 PST 2020","1","BatchId:3912645;OriginalHitTemplateId:928390828;","10800","259200","Wed Feb 12 22:14:07 PST 2020","","","351SEKWQS3WF0C83UB4HCTJ8TJ7MDH","AKVQTFH16ICGZ","Approved","Thu Feb 06 04:12:47 PST 2020","Thu Feb 06 06:01:00 PST 2020","Sun Feb 09 06:01:00 PST 2020","Thu Feb 06 11:57:26 PST 2020","","","6493","100% (62/62)","100% (60/60)","100% (60/60)","https://i.redd.it/1tll5bshcr231.jpg","https://i.imgur.com/V6rOpph.jpg","http://jeffda.com/research/part4/1923_boxes.jpg","{}","This edit could potentially be used to show that MP1 doesn't care about how to behave in public because he looks to be making a disruption","This edit could potentially be used to show that MP1 is a very angry person because of how loudly it looks like he's shouting.","This edit could potentially be used to show that MP1 is a very annoying person to be around because everyone around him looks miserable.","Editor created this edit to show that MP1 is an angry person by making it seem as though he's shouting very loudly.","Editor created this edit to show that MP1 doesn't care about being disruptive because he's not taking in the people's annoyance around him.","Editor created this edit to show that MP1 is a very annoying person to be around because everyone around him looks to be upset by him.","3","MP1 would be upset that it looks like he doesn't care about hurting the people around him by being disruptive.","MP1 would be concerned that people would think he's an annoying person because the people around him look annoyed.","MP1 would be ashamed that he looks to be coming across as a very angry person by the expression on his face.","","y","{}","MP2 would","MP2 would","MP2 would","n","{}","MP3 would","MP3 would","MP3 would","","n","y"
"3FHTJGYT8PELAFHDYFRFAYKA8XOPGK","3IEVTRZRYLU17W8D8SOIX78G089G5E","Write captions about photoshopped images","Given an edited image and a set of questions, write captions that answer those questions. Interesting!","image, question, answer, AI","$0.92","Wed Feb 05 22:14:07 PST 2020","1","BatchId:3912645;OriginalHitTemplateId:928390828;","10800","259200","Wed Feb 12 22:14:07 PST 2020","","","3634BBTX0R9Q2DW8021F80FCOMBIFE","A17LF7GCAFYMSL","Approved","Wed Feb 05 23:43:05 PST 2020","Thu Feb 06 00:17:50 PST 2020","Sun Feb 09 00:17:50 PST 2020","Thu Feb 06 11:57:27 PST 2020","","","2085","100% (17/17)","100% (17/17)","100% (16/16)","https://i.imgur.com/S4Od7zy.jpg","https://i.imgur.com/zjppQai.jpg","http://jeffda.com/research/part4/44_boxes.jpg","{}","This edit could potentially be used to make MP1 seem unchallenged and that leave a scary thought in the heart of the people because she is a witch","This edit could potentially be used to make MP1  powerful and feared , when they hear her voice and how brave she his because witches lies in their family","This edit could potentially be used to make  MP1 the most powerful being on earth and that will make people fear her and her lineage because of witchcraft that is in her blood","Editor created this edit to make MP1 Feel powerful and untouchable from the people  because she looks dangerous and dirty","Editor created this edit to make MP1 feel she is different from every other person and that makes her very special because of the fear of witchcraft","Editor created this edit to make MP1 feel that all generation will bow to her voice and power because her surroundings looks stuffy and dirty and the fear of witchcraft drives people crazy","1","MP1 would  feel that she is blessed beyond any human","MP1 would feel the rage of been powerful and the greatest","MP1 would feel that all the community would fear her and her lineage till eternity","","y","{}","MP2 would","MP2 would","MP2 would","n","{}","MP3 would","MP3 would","MP3 would","","n","n"
"3NCN4N1H1IVPGDXP2EM95YOIS5VNB5","3IEVTRZRYLU17W8D8SOIX78G089G5E","Write captions about photoshopped images","Given an edited image and a set of questions, write captions that answer those questions. Interesting!","image, question, answer, AI","$0.92","Wed Feb 05 22:14:07 PST 2020","1","BatchId:3912645;OriginalHitTemplateId:928390828;","10800","259200","Wed Feb 12 22:14:07 PST 2020","","","3UXUOQ9OKHCYH2Y46VBQ3AECDRF7AP","AKVQTFH16ICGZ","Approved","Thu Feb 06 04:12:46 PST 2020","Thu Feb 06 05:53:44 PST 2020","Sun Feb 09 05:53:44 PST 2020","Thu Feb 06 11:57:29 PST 2020","","","6058","100% (62/62)","100% (60/60)","100% (60/60)","http://i.imgur.com/1I6emvi.jpg","http://i.imgur.com/UHIarzt.jpg","http://jeffda.com/research/part4/1371_boxes.jpg","{}","This edit could potentially be used to show that MP1 is the overlord of robots and has them as workers for any task he might need, an example being a robot holding things for him.","This edit could potentially be used to show that MP1 doesn't what those around him are going through because he's having someone shield him from rain but not allowing them to shielded as well.","This edit could potentially be used to show that MP1 is awesome enough that he has robots working for him.","Editor created this edit to show that MP1 is actually a robot leader and has them as his workers, because one is holding an umbrella for him.","Editor created this edit to seem cruel and uncaring to those around him because a robot is helping protect MP1 from rain but not being protected themselves.","Editor created this edit to show that MP1 is cool enough as a person to have robots working for him.","1","MP1 would feel very awesome, like an overlord of robots because one is holding an umbrella for him.","MP1 would be be amused that there's a robot next to him since that's not something he remembers from that day.","MP1 would hope that people wouldn't think he was using robots as housemaids or assistants and be seen as cruel because one is shielding him from rain, but isn't being shielded by rain.","","y","{}","MP2 would","MP2 would","MP2 would","n","{}","MP3 would","MP3 would","MP3 would","","n","y"
"3U18MJKL1W08QIPVGEI4GIU0AQVNCC","3IEVTRZRYLU17W8D8SOIX78G089G5E","Write captions about photoshopped images","Given an edited image and a set of questions, write captions that answer those questions. Interesting!","image, question, answer, AI","$0.92","Wed Feb 05 22:14:07 PST 2020","1","BatchId:3912645;OriginalHitTemplateId:928390828;","10800","259200","Wed Feb 12 22:14:07 PST 2020","","","3B837J3LDRBCZH4DW9VNTRZI094RSS","AHVM9ORYY3F5J","Approved","Thu Feb 06 03:21:38 PST 2020","Thu Feb 06 04:05:58 PST 2020","Sun Feb 09 04:05:58 PST 2020","Thu Feb 06 11:57:30 PST 2020","","","2660","100% (8/8)","100% (7/7)","100% (7/7)","http://imgur.com/kwnS68H.jpg","http://i.imgur.com/tlFObIG.png","http://jeffda.com/research/part4/2441_boxes.jpg","{}","This edit could potentially be used to make MP1 seem more epic than they are in reality because they are representing a well known Pokemon character.","This edit could potentially be used to make an audience giggle at the combination of MP1 and a grand fish, because it's an obvious reference to popular culture's fascination with Pokemon.","This edit could potentially be used to make MP1 seem pretty preposterous or taken less seriously because they are wearing a guileless cartoonish hat.","Editor created this edit to construct a silly engaging scene involving MP1 because it whimsically references popular anime culture.","Editor created this edit to make MP1 materialize to be comically campy because he is dressed as Ash from the Pokemon franchise.","Editor created this edit to focus on a curious match up of MP1 and a gigantic fish because it alludes to MP1 catching the fish, just like a Pokemon master would.","1","MP1 would snicker that they are attired in a ball cap because it's a reference to the infamous anime show Pokemon.","MP1 would find the fish in the photo extremely absurd because it is a considered to be one of the worst Pokemon.","MP1 would feel the environment they are in is very peculiar because it combines frozen tundra with a hilariously large cartoon fish.","","y","{}","MP2 would","MP2 would","MP2 would","n","{}","MP3 would","MP3 would","MP3 would","","n","n"
"30Y6N4AHYRA3A8N19HUW98HSWNWDRQ","3IEVTRZRYLU17W8D8SOIX78G089G5E","Write captions about photoshopped images","Given an edited image and a set of questions, write captions that answer those questions. Interesting!","image, question, answer, AI","$0.92","Wed Feb 05 22:14:07 PST 2020","1","BatchId:3912645;OriginalHitTemplateId:928390828;","10800","259200","Wed Feb 12 22:14:07 PST 2020","","","3NVC2EB65TEHC1VKKPMGTFK3BHHY38","A28AXX4NCWPH1F","Approved","Thu Feb 06 05:49:16 PST 2020","Thu Feb 06 06:23:30 PST 2020","Sun Feb 09 06:23:30 PST 2020","Thu Feb 06 11:57:25 PST 2020","","","2054","100% (57/57)","100% (57/57)","100% (57/57)","https://i.redd.it/huexvt64vn041.jpg","https://i.imgur.com/Mdel7KG.jpg","http://jeffda.com/research/part4/390_boxes.jpg","{}","This edit could potentially be used to defame mp1 because he looks like he is about to devours human baby tacos.","This edit could potentially be used to make a political observation of mp1 that says he doesn't value human life because he is about to eat tacos with babies in them.","This edit could potentially be used to make mp1 look nefarious and cruel because he is holding a plate with two tacos that contain babies in them.","Editor created this edit to to make MP1 appear malicious because he looks like he is about to eat two tacos with human babies inside.","Editor created this edit to make people see MP1 as a vicious person because he looks like he is about to eat two human tacos.","Editor created this edit to make people think of MP1 as a vile human being because it looks like he sees babies as food, since they are in the two tacos on his plate.","1","MP1 would feel feel ravenous because he is holding a plate with 2 tacos on it.","MP1 would feel brutal because there are babies in the two tacos on his plate.","MP1 would feel disturbed because the two tacos on his plate are containing human babie, and it looks like he is ordering two more.","","y","{}","MP2 would","MP2 would","MP2 would","n","{}","MP3 would","MP3 would","MP3 would","","n","y"
"3MVY4USGB81WJY30GKVCQF21AUNISL","3IEVTRZRYLU17W8D8SOIX78G089G5E","Write captions about photoshopped images","Given an edited image and a set of questions, write captions that answer those questions. Interesting!","image, question, answer, AI","$0.92","Wed Feb 05 22:14:07 PST 2020","1","BatchId:3912645;OriginalHitTemplateId:928390828;","10800","259200","Wed Feb 12 22:14:07 PST 2020","","","3E47SOBEYTBJZ1CY90BE0UU9REYICS","AKVQTFH16ICGZ","Approved","Thu Feb 06 09:51:45 PST 2020","Thu Feb 06 10:24:52 PST 2020","Sun Feb 09 10:24:52 PST 2020","Thu Feb 06 11:57:28 PST 2020","","","1987","100% (62/62)","100% (60/60)","100% (60/60)","http://i.imgur.com/lsdRz3W.jpg","http://i.imgur.com/jGJTFK9.png","http://jeffda.com/research/part4/88_boxes.jpg","{}","This edit could potentially be used to show that MP1 is a creep who enjoys taking pictures while in strip clubs.","This edit could potentially be used to show that MP1 doesn't care about conserving money because he's thrown it all around.","This edit could potentially be used to show that MP1 is a sleaze who enjoys going to random strip clubs and being up close so he can give them money because he's currently right in between a women's legs.","Editor created this edit to show that MP1 is a sleaze and goes around partying at strip clubs because he's in between a women's legs.","Editor created this edit to show that MP1 is someone who wastes money by having it thrown about him.","Editor created this edit to show that MP1 is a someone who enjoys watching ladies remove their clothes because he looks to be in a strip club.","1","MP1 would feel embarrassed because it makes it seem like he's in a strip club when he wasn't.","MP1 would be enraged that it looks like he's someone who just throws money everywhere.","MP1 would feel sad the it looks like he's someone who partakes in partying and wastes money on hookers.","","y","{}","MP2 would","MP2 would","MP2 would","n","{}","MP3 would","MP3 would","MP3 would","","n","y"
"3THR0FZ95R7JB7JDU6BGYQKSU9ELO5","3IEVTRZRYLU17W8D8SOIX78G089G5E","Write captions about photoshopped images","Given an edited image and a set of questions, write captions that answer those questions. Interesting!","image, question, answer, AI","$0.92","Wed Feb 05 22:14:07 PST 2020","1","BatchId:3912645;OriginalHitTemplateId:928390828;","10800","259200","Wed Feb 12 22:14:07 PST 2020","","","323Q6SJS8LVQ6ILOUKJU8OEXOAOHFE","AKVQTFH16ICGZ","Approved","Thu Feb 06 04:12:53 PST 2020","Thu Feb 06 06:46:32 PST 2020","Sun Feb 09 06:46:32 PST 2020","Thu Feb 06 11:57:30 PST 2020","","","9219","100% (62/62)","100% (60/60)","100% (60/60)","https://i.redd.it/p2pptk4eo4m31.jpg","https://i.imgur.com/2ajo8FZ.jpg","http://jeffda.com/research/part4/498_boxes.jpg","{}","This edit could potentially be used to show that MP1 is accepted by the people he serves because his flag is proud of him.","This edit could potentially be used to show that MP1 is beloved by his country because his flag is hugging him.","This edit could potentially be used to show that MP1 is happy to be loved by the flag he serves for.","Editor created this edit to show that MP1 is beloved by his country because his flag his hugging him.","Editor created this edit to show that MP1 is accepted by his country because his flag loves him.","Editor created this edit to show that MP1 is proud of himself because it looks like his country is proud of him.","1","MP1 would feel proud because it looks like the flag is hugging him.","MP1 would feel like he's doing a good job because the american flag looks to be proud of him by hugging him.","MP1 would feel beloved because the flag for the country he is serving is hugging him.","","y","{}","MP2 would","MP2 would","MP2 would","n","{}","MP3 would","MP3 would","MP3 would","","n","n"
"3V7ICJJAZCU3U5NJK97D6PII1O0B4Y","3IEVTRZRYLU17W8D8SOIX78G089G5E","Write captions about photoshopped images","Given an edited image and a set of questions, write captions that answer those questions. Interesting!","image, question, answer, AI","$0.92","Wed Feb 05 22:14:07 PST 2020","1","BatchId:3912645;OriginalHitTemplateId:928390828;","10800","259200","Wed Feb 12 22:14:07 PST 2020","","","3U5NZHP4LUH2XVAI8NFZKIS1QI8HPI","AKVQTFH16ICGZ","Approved","Thu Feb 06 07:35:15 PST 2020","Thu Feb 06 08:44:53 PST 2020","Sun Feb 09 08:44:53 PST 2020","Thu Feb 06 11:57:30 PST 2020","","","4178","100% (62/62)","100% (60/60)","100% (60/60)","https://i.redd.it/i0bkebt9abq31.jpg","https://i.imgur.com/ih3LZBm.png","http://jeffda.com/research/part4/804_boxes.jpg","{}","This edit could potentially be used to show that MP1 hates being next to MP2 because of MP1's expression.","This edit could potentially be used to show that MP2 is someone no one likes to be around, because MP1 looks visibly annoyed.","This edit could potentially be used to show that MP2 that someone that no one likes to sit next to, as MP1 is showing frustration on his face.","Editor created this edit to show that MP1 is looks very upset to have to be next to MP2, because he's facing away from him.","Editor created this edit to make fun of MP2 because anyone sitting next to him looks like they'd rather be anywhere else.","Editor created this edit to show that MP1 looks very annoyed at what MP2 seems to be saying.","1","MP1 would feel angered that it looks like he'd ever be in the same room with MP2, because MP1 looks annoyed.","MP1 would be angry to be shown any relation with MP2 because he looks like he hates MP2.","MP1 would be worried that people would think he's friends with MP2 because they're sitting next to each other.","","y","2","MP2 would be upset because MP1 looks very annoyed at having to sit next to him, as MP1 looks angry.","MP2 would feel ashamed that he looks so angry and that he looks to be shouting at someone.","MP2 would be upset that it looks like he doesn't make very good company as MP1 looks bored.","ye","{}","MP3 would","MP3 would","MP3 would","","n","y"
"3LN50BUKPXP1W7VE96OVNQPI4EALPM","3IEVTRZRYLU17W8D8SOIX78G089G5E","Write captions about photoshopped images","Given an edited image and a set of questions, write captions that answer those questions. Interesting!","image, question, answer, AI","$0.92","Wed Feb 05 22:14:07 PST 2020","1","BatchId:3912645;OriginalHitTemplateId:928390828;","10800","259200","Wed Feb 12 22:14:07 PST 2020","","","3P4RDNWND8L67FI4JSS0NY74HUUJIM","A17LF7GCAFYMSL","Approved","Thu Feb 06 00:45:07 PST 2020","Thu Feb 06 01:14:30 PST 2020","Sun Feb 09 01:14:30 PST 2020","Thu Feb 06 11:57:28 PST 2020","","","1763","100% (17/17)","100% (17/17)","100% (16/16)","https://i.reddituploads.com/70a5a290e84a4387906f57f08a9aa54b?fit=max&h=1536&w=1536&s=ede55a4eec92d1cbaf1e33ac9afd7996","https://i.imgur.com/rutk5sv.png","http://jeffda.com/research/part4/1828_boxes.jpg","{}","This edit could potentially be used to make MP1 seem her environment is one of a kind because she have never set eyes on environment as beautiful as hers","This edit could potentially be used to make MP1 feel unbeatable because there is love in the air and she feels the environment is very conducive for her","This edit could potentially be used to make MP1 feel worthy of what she have because God has blessed her beyond reasonably doubt","Editor created this edit to make MP1 feel special because no one can be compare to her beauty and gorgeousness","Editor created this edit to make MP1 feel perfect because she is uniquely made beyond human understanding and that makes her special","Editor created this edit to make MP1 feel there is none like her in the world because the portrait tells her so","1","MP1 would feel powerful because only powerful people pictures are hung in a portrait  around a beautiful house","MP1 would feel most beautiful because the environment belong to beautiful people and she is the only there","MP1 would  feel perfect and awesome because she sees no dirt and rubbish around her","","y","{}","MP2 would","MP2 would","MP2 would","n","{}","MP3 would","MP3 would","MP3 would","","n","n"
"30Z7M1Q8U0YZUW5TQYXUSQEHLSB8A7","3IEVTRZRYLU17W8D8SOIX78G089G5E","Write captions about photoshopped images","Given an edited image and a set of questions, write captions that answer those questions. Interesting!","image, question, answer, AI","$0.92","Wed Feb 05 22:14:07 PST 2020","1","BatchId:3912645;OriginalHitTemplateId:928390828;","10800","259200","Wed Feb 12 22:14:07 PST 2020","","","3X66WABAJZXHQAAKQJ0AMFDZ6LD3G1","A28AXX4NCWPH1F","Approved","Thu Feb 06 06:51:25 PST 2020","Thu Feb 06 07:15:42 PST 2020","Sun Feb 09 07:15:42 PST 2020","Thu Feb 06 11:57:25 PST 2020","","","1457","100% (57/57)","100% (57/57)","100% (57/57)","https://i.redd.it/a7teycswpf131.jpg","https://i.imgur.com/u5eDiV5.jpg","http://jeffda.com/research/part4/2717_boxes.jpg","{}","This edit could potentially be used to make mp1 look dominant because he is in full control of dinosaurs and mp2.","This edit could potentially be used to make mp2 look feral because he seems to be equivalent with the dinosaurs because he is standing like them and along with them.","This edit could potentially be used to make mp1 look vulnerable because dinosaurs and mp2 look like they are ready to attack him.","Editor created this edit to make mp2 appear to be part dinosaur because he is acting like the other dinosaurs in the picture.","Editor created this edit to make mp1 appear powerful because he is holding back dinosaurs and mp2.","Editor created this edit to make mp1 appear to be almighty because he is controlling aggressive dinosaurs and an aggressive mp2.","1","MP1 would feel authoritarian because he is holding back a pack of dinosaurs and mp2.","MP1 would feel celestial because he appears to be able to control both dinosaurs and mp2.","MP1 would feel perplexed because mp2 is standing in front of him, and in between some dangerous look dinosaurs.","","y","2","MP2 would bewildered because is appearing to me a part of some dinosaurs and being held back by mp1.","MP2 would threatening because he is seemingly a part of a group of dinosaurs that are threatening mp1.","MP2 would ridiculous because he is wearing gym clothes while standing with dinosaurs.","ye","{}","MP3 would","MP3 would","MP3 would","","n","y"
"3NZ1E5QA61FLQORJYEQNBHOW1KVB53","3IEVTRZRYLU17W8D8SOIX78G089G5E","Write captions about photoshopped images","Given an edited image and a set of questions, write captions that answer those questions. Interesting!","image, question, answer, AI","$0.92","Wed Feb 05 22:14:07 PST 2020","1","BatchId:3912645;OriginalHitTemplateId:928390828;","10800","259200","Wed Feb 12 22:14:07 PST 2020","","","3NL0RFNU0I27ASP7GOQ8UCXYR0K4KG","AWNR2FOWI73GL","Approved","Wed Feb 05 22:20:20 PST 2020","Wed Feb 05 22:29:16 PST 2020","Sat Feb 08 22:29:16 PST 2020","Thu Feb 06 11:57:29 PST 2020","","","536","100% (312/312)","100% (277/277)","100% (54/54)","https://i.redd.it/uyghuubu0yay.jpg","http://i.imgur.com/ZwNvT68.png","http://jeffda.com/research/part4/158_boxes.jpg","{}","This edit could potentially be used to make people like MP1 more, since he looks like he protests for things he believes in.","This edit could potentially be used to make people dislike MP1, since he looks like he's got tattoos and gets arrested.","This edit could potentially be used to make fun of MP1, since it looks like he's overweight.","Editor created this edit to poke fun at MP1's history as a protestor, since he looks like he's protesting.","Editor created this edit to suggest that MP1 is a criminal, since he looks like he's being arrested.","Editor created this edit to make MP1 look amazing, since it looks like he has the time to protest and run for office.","{}","MP1 would feel delighted, because he thinks protesting is important.","MP1 would feel befuddled, because he knows he wasn't at this protest.","MP1 would feel astounded to discover that someone thinks he's still so flexible at his age.","no_box","y","{}","MP2 would","MP2 would","MP2 would","n","{}","MP3 would","MP3 would","MP3 would","","n","y"
"3XD2A6FGFP838XAXCQPZDM3YR40S9C","3IEVTRZRYLU17W8D8SOIX78G089G5E","Write captions about photoshopped images","Given an edited image and a set of questions, write captions that answer those questions. Interesting!","image, question, answer, AI","$0.92","Wed Feb 05 22:14:07 PST 2020","1","BatchId:3912645;OriginalHitTemplateId:928390828;","10800","259200","Wed Feb 12 22:14:07 PST 2020","","","3OWEPKL08CR51LSTFZGVPGYCC0R7NQ","A17LF7GCAFYMSL","Approved","Thu Feb 06 07:06:45 PST 2020","Thu Feb 06 07:26:51 PST 2020","Sun Feb 09 07:26:51 PST 2020","Thu Feb 06 11:57:30 PST 2020","","","1206","100% (17/17)","100% (17/17)","100% (16/16)","https://i.redd.it/ak4p9nztnst21.jpg","https://i.imgur.com/FEvtDR9.jpg","http://jeffda.com/research/part4/1672_boxes.jpg","{}","This edit could potentially be used to mak MP1 seem like a goddess because she can share happiness and joy among citizen","This edit could potentially be used to make MP1 seem like a joyful being because she was able to deliver people from sadness","This edit could potentially be used to make MP1 feel like she is superb because she was trusted by the people to have put joy in their life","Editor created this edit to make MP1 feel happy , because she felt love among the couple and there is no sign of hate ,they are just smiling","Editor created this edit to make MP1 feel that there is no greater than love because it is visible and clear among the couple that was shown to her","Editor created this edit to make MP1 seem to be grateful because knowing the stress and trouble people go through every day still there is love shared among them","2","MP1 would feel favorite because she has someone showing her things","MP1 would feel perfect because she has nothing to worry about","MP1 would feel happy because she see couples having fun in a bath tub , things she has done some years back","","y","{}","MP2 would","MP2 would","MP2 would","n","{}","MP3 would","MP3 would","MP3 would","","n","n"
"306W7JMRY0C4D6ALWCXQN1YN3AW8B2","3IEVTRZRYLU17W8D8SOIX78G089G5E","Write captions about photoshopped images","Given an edited image and a set of questions, write captions that answer those questions. Interesting!","image, question, answer, AI","$0.92","Wed Feb 05 22:14:07 PST 2020","1","BatchId:3912645;OriginalHitTemplateId:928390828;","10800","259200","Wed Feb 12 22:14:07 PST 2020","","","378XPAWRUFSV6MF0PMFNUZ4LR7BAI8","APRZ7BR8C0ZMQ","Approved","Thu Feb 06 02:45:37 PST 2020","Thu Feb 06 02:52:10 PST 2020","Sun Feb 09 02:52:10 PST 2020","Thu Feb 06 11:57:25 PST 2020","","","393","100% (2889/2889)","100% (290/290)","100% (195/195)","http://oidnes.cz/13/053/org/WLK4b7c27_masik1.jpg","http://i.imgur.com/sKw3390.jpg","http://jeffda.com/research/part4/1584_boxes.jpg","{}","This edit could potentially be used to mock MP1 and his stature by showing him with his right hand raised beside his face like a Madonna type character.","This edit could potentially be used to belittle MP1 as a backup type video dancer because his right hand is similarly raised to his face.","This edit could potentially be used to promote MP1 and tout his dancing skill, because he seems posed in a sort of dance, raising a hand to his face.","Editor created this edit to make it seem like MP1's pose was like a popular dance video, showing his hand raised by his head.","Editor created this edit to puzzled MP1 at the MTV type image with his hand raised by his face as in a sort of odd pose.","Editor created this edit to mock how MP1 stands with his right hand raised to the left of his face.","1","MP1 would feel mocked and demeaned because the image shows him holding his hands like in a dance.","MP1 would feel tense at the image of him holding his left hand beside his face as in a vogue type video on a music channel.","MP1 would feel puzzled at seeing himself in a sort of posing music video, with hand shown raised.","","y","{}","MP2 would","MP2 would","MP2 would","n","{}","MP3 would","MP3 would","MP3 would","","n","y"
"3D1TUISJWKECYBV45PQC5GKPVR8IU1","3IEVTRZRYLU17W8D8SOIX78G089G5E","Write captions about photoshopped images","Given an edited image and a set of questions, write captions that answer those questions. Interesting!","image, question, answer, AI","$0.92","Wed Feb 05 22:14:07 PST 2020","1","BatchId:3912645;OriginalHitTemplateId:928390828;","10800","259200","Wed Feb 12 22:14:07 PST 2020","","","3OHYZ19UGFK528Q3NHSSEW073GYOA5","A17LF7GCAFYMSL","Approved","Wed Feb 05 23:59:52 PST 2020","Thu Feb 06 00:58:48 PST 2020","Sun Feb 09 00:58:48 PST 2020","Thu Feb 06 11:57:27 PST 2020","","","3536","100% (17/17)","100% (17/17)","100% (16/16)","http://i.imgur.com/EavYAKu.jpg","http://i.imgur.com/irIABls.jpg","http://jeffda.com/research/part4/1053_boxes.jpg","{}","This edit could potentially be used to make MP1 seem like a god of happiness because MP2 see him like that and that makes him happy","This edit could potentially be used to make MP1 seem wonderful and awesome because MP2 never think about his bad life and wasteful life he spent right from day one","This edit could potentially be used to make MP1 seem and feel like he his blessed by GOD because he makes MP2 feel happy and forget about his past","Editor created this edit to make MP1 feel he his the most perfect man on earth because MP2 is always happy whenever  he is with him","Editor created this edit to make MP1 seem favored and grateful because MP2 forget all his worries and sorrow whenever he comes around to meet him","Editor created this edit to make MP1 look fabulous because MP2 thinks he his doing fabulously well and that makes him happy","1","MP1 would  feel friendly because everyone feel free when they are with him or  around him and  he his always smiling","MP1 would feel awesomely superb because  whenever people are around they are always  happy beyond human explanation","MP1 would look like he is a joy giver because whenever people are around him they are always talking about him that he his perfect","","y","2","MP2 would  feel he is welcome and not treated anyhow because the environment is very friendly and there is love in the air","MP2 would feel powerful because he is around powerful people and they make him feel part of them","MP2 would feel gracious and perfect because the callibals of people is dinning with are happy people and that makes him special","ye","{}","MP3 would","MP3 would","MP3 would","","n",""
"37VHPF5VYEHNNB2RACTLYL45LVW8C9","3IEVTRZRYLU17W8D8SOIX78G089G5E","Write captions about photoshopped images","Given an edited image and a set of questions, write captions that answer those questions. Interesting!","image, question, answer, AI","$0.92","Wed Feb 05 22:14:07 PST 2020","1","BatchId:3912645;OriginalHitTemplateId:928390828;","10800","259200","Wed Feb 12 22:14:07 PST 2020","","","3SLE99ER0QSMKM92V435P5RH52DBZG","AKVQTFH16ICGZ","Approved","Thu Feb 06 04:12:43 PST 2020","Thu Feb 06 05:14:06 PST 2020","Sun Feb 09 05:14:06 PST 2020","Thu Feb 06 11:57:26 PST 2020","","","3683","100% (62/62)","100% (60/60)","100% (60/60)","http://i.imgur.com/5QZu5K7.jpg","https://i.imgur.com/Zkp3Qsg.jpg","http://jeffda.com/research/part4/2418_boxes.jpg","{}","This edit could potentially be used to show that MP1 cares little for risks instead of a caring Reverend.","This edit could potentially be used to make it seem like MP1 enjoys riding unicycles on top of building ledges.","This edit could potentially be used to make people laugh at MP1's pose because it looks like he's trying hard to not fall.","Editor created this edit to show that MP1 has a unicycle talent and shows it by unicycling on building ledges.","Editor created this edit to show that MP1 is too much of a daredevil by balancing on the edges of buildings.","Editor created this edit to poke fun at MP1's outstretched arms by making it seem as though he's about to fall.","1","MP1 would feel concerned that people would think he likes to be a risk taker by standing on ledges.","MP1 would be very confused by how he got on top of a building he doesn't remember being on top of.","MP1 would feel proud to be thought of someone who has the ability to balance on a unicycle on a ledge.","","y","{}","MP2 would","MP2 would","MP2 would","n","{}","MP3 would","MP3 would","MP3 would","","n","y"
"30U1YOGZGCAFBNNEO6U1ZIMOIPFDSE","3IEVTRZRYLU17W8D8SOIX78G089G5E","Write captions about photoshopped images","Given an edited image and a set of questions, write captions that answer those questions. Interesting!","image, question, answer, AI","$0.92","Wed Feb 05 22:14:07 PST 2020","1","BatchId:3912645;OriginalHitTemplateId:928390828;","10800","259200","Wed Feb 12 22:14:07 PST 2020","","","3PQ8K71NH0ZG04W2DYNAD1G2EZLAAJ","AKVQTFH16ICGZ","Approved","Thu Feb 06 04:12:51 PST 2020","Thu Feb 06 06:33:10 PST 2020","Sun Feb 09 06:33:10 PST 2020","Thu Feb 06 11:57:25 PST 2020","","","8419","100% (62/62)","100% (60/60)","100% (60/60)","https://i.imgur.com/3gwPi7m.jpg","https://i.imgur.com/TXkYwna.jpg","http://jeffda.com/research/part4/620_boxes.jpg","{}","This edit could potentially be used to show that MP1 is not normal because it looks like lightning is coming from his fingers.","This edit could potentially be used to show that MP1 is evil because lightning powers having been associated with villains in movie culture.","This edit could potentially be used to show that MP1 is all mighty and powerful because he seems to have magical powers.","Editor created this edit to show that MP1 is a bad person because lightning powers are usually associated with villains.","Editor created this edit to show that MP1 can control lightning, because it's shown to be coming from his fingers.","Editor created this edit to show that MP1 is a powerful person because he appears to have lightning coming from his hands.","1","MP1 would feel very cool because it looks like he can control lightning with his hands.","MP1 would be concerned that people might think he's evil because sometimes lightning is associated with villains.","MP1 would be confused about what's going on because he doesn't remember having control over lightning.","","y","{}","MP2 would","MP2 would","MP2 would","n","{}","MP3 would","MP3 would","MP3 would","","n","y"
"3JMQI2OLF1JIVAV9GADF0OCIVQ7NDC","3IEVTRZRYLU17W8D8SOIX78G089G5E","Write captions about photoshopped images","Given an edited image and a set of questions, write captions that answer those questions. Interesting!","image, question, answer, AI","$0.92","Wed Feb 05 22:14:07 PST 2020","1","BatchId:3912645;OriginalHitTemplateId:928390828;","10800","259200","Wed Feb 12 22:14:07 PST 2020","","","3XCC1ODXDOQ0M1P0456IYRKHIL4QRN","A17LF7GCAFYMSL","Approved","Wed Feb 05 23:59:50 PST 2020","Thu Feb 06 00:27:22 PST 2020","Sun Feb 09 00:27:22 PST 2020","Thu Feb 06 11:57:27 PST 2020","","","1652","100% (17/17)","100% (17/17)","100% (16/16)","http://i.imgur.com/DD3783Q.jpg","http://i.imgur.com/JbpX2di.jpg","http://jeffda.com/research/part4/1596_boxes.jpg","{}","This edit could potentially be used to make MP1 feel special because MP1 has a clean and neat environment","This edit could potentially be used to make MP1 feel uniquely made because MP1 has a beautiful environment and assets in which no one has ever accomplish","This edit could potentially be used to make MP1 feel like an earthly god because MP1 changes his location when he likes and possesses a clean environment","Editor created this edit to make MP1 feel  that nobody can compete with him anywhere he find himself because of the fear of been murdered by him","Editor created this edit to make MP1 look to be able and powerful  because his surrounding \gives him so much joy and pride","Editor created this edit to make MP1 feel he his more than a conqueror because no one can compete with him","1","MP1 would feel powerful because it sems that no one can come near him unless he want them to","MP1 would feel handsome because it his putting on an expensive clothe and the surrounding looks clean","MP1 would feel supernatural because only him can occupy the space in his surrounding","","y","{}","MP2 would","MP2 would","MP2 would","n","{}","MP3 would","MP3 would","MP3 would","","n","n"
"3YKP7CX6G4T0DS52M75K912SSQQB7I","3IEVTRZRYLU17W8D8SOIX78G089G5E","Write captions about photoshopped images","Given an edited image and a set of questions, write captions that answer those questions. Interesting!","image, question, answer, AI","$0.92","Wed Feb 05 22:14:08 PST 2020","1","BatchId:3912645;OriginalHitTemplateId:928390828;","10800","259200","Wed Feb 12 22:14:08 PST 2020","","","3CCZ6YKWRAY5PFAGQWIT9VPWG3Z59Q","A17LF7GCAFYMSL","Approved","Thu Feb 06 03:56:45 PST 2020","Thu Feb 06 04:36:42 PST 2020","Sun Feb 09 04:36:42 PST 2020","Thu Feb 06 11:57:30 PST 2020","","","2397","100% (17/17)","100% (17/17)","100% (16/16)","https://i.redd.it/gd6va54i8anz.jpg","https://i.imgur.com/nAZtyF7.jpg","http://jeffda.com/research/part4/1523_boxes.jpg","{}","This edit could potentially be used to make MP1 seem he his superior because MP2 helps him out in every thing he does and never complain","This edit could potentially be used to make MP2 feel useless because he cannot make decisions of his own without contacting MP1","This edit could potentially be used to make MP1 feel he is powerful because he can do what he want with his life without nobody obstructing","Editor created this edit to MP1 feel seem to be more superior than MP2 because he make me his servant and makes him take down note of kids stuff","Editor created this edit to make MP2 feel less superior because MP1 use him as a man that takes care of children things and that makes him angry","Editor created this edit to make MP1 feel that he can control MP2 anytime because MP2 obey all his command and listen to him","2","MP1 would feel powerful because he believe no one is up is up to his standard and no one can compete with him","MP1 would feel superior compare to any other person because he just too perfect","MP1 would feel energetic because he his well respected","","y","1","MP2 would feel inferior because he his been used","MP2 would feel he is a pathetic looser because he is never going to gain anything after the whole situation","MP2 would feel useless because no one will ever value his contribution","ye","{}","MP3 would","MP3 would","MP3 would","","n","y"
"3OLZC0DJ8LTCBQK4AF0H12M89YHIVQ","3IEVTRZRYLU17W8D8SOIX78G089G5E","Write captions about photoshopped images","Given an edited image and a set of questions, write captions that answer those questions. Interesting!","image, question, answer, AI","$0.92","Wed Feb 05 22:14:08 PST 2020","1","BatchId:3912645;OriginalHitTemplateId:928390828;","10800","259200","Wed Feb 12 22:14:08 PST 2020","","","33F859I569S0T198PIXYPYNC9CWHBW","AKVQTFH16ICGZ","Approved","Thu Feb 06 04:12:42 PST 2020","Thu Feb 06 04:59:55 PST 2020","Sun Feb 09 04:59:55 PST 2020","Thu Feb 06 11:57:29 PST 2020","","","2833","100% (62/62)","100% (60/60)","100% (60/60)","https://i.redd.it/snf9bdxkxkp11.jpg","https://i.imgur.com/NspGOok.jpg","http://jeffda.com/research/part4/877_boxes.jpg","{}","This edit could potentially be used to show that MP2 likes making people distraught by blowing kisses at them.","This edit could potentially be used to show that MP2 might enjoy sexually harassing people because of the faces he's making.","This edit could potentially be used to show that MP2 has an unhealthy idea of what's okay and not okay during interactions with people, because he's encroaching on people's personal space.","Editor created this edit to show that MP2 is a predator because he looks to be enjoying making MP1 uncomfortable.","Editor created this edit to show that MP2 has never been taught a boundry of what's okay and not okay, by being all over people.","Editor created this edit to make it seem as though MP2 has no care for other people's mental well being because he's blowing kisses at MP1.","2","MP1 would feel very confused as to why so many people want his affection.","MP1 would feel concerned for his safety because there are so many people around him.","MP1 would want to run and hide because two people look like they're going to kiss him.","","y","1","MP2 would be worried that people would see him as a pervert by hugging another man close while trying to kiss another.","MP2 would be upset that someone put them in a group picture of making MP1 feel uncomfortable.","MP2 would want to find who did this and sue them for making him look like a predator by making MP1 feel scared.","ye","{}","MP3 would","MP3 would","MP3 would","","n","y"
"306W7JMRY0C4D6ALWCXQN1YN3AWB85","3IEVTRZRYLU17W8D8SOIX78G089G5E","Write captions about photoshopped images","Given an edited image and a set of questions, write captions that answer those questions. Interesting!","image, question, answer, AI","$0.92","Wed Feb 05 22:14:08 PST 2020","1","BatchId:3912645;OriginalHitTemplateId:928390828;","10800","259200","Wed Feb 12 22:14:08 PST 2020","","","3G5W44VEUAXNM8IRBPS931U1H64GKS","A1HKYY6XI2OHO1","Approved","Thu Feb 06 00:47:40 PST 2020","Thu Feb 06 01:48:04 PST 2020","Sun Feb 09 01:48:04 PST 2020","Thu Feb 06 11:57:25 PST 2020","","","3624","100% (2619/2619)","100% (1095/1095)","100% (205/205)","http://media.cmgdigital.com/shared/img/photos/2016/06/22/a2/e7/370ebb89526a4cc9bbf871b19af84d27-2e81dc833a9b490ba7c95e2d0e256a15-0.jpg","http://i.imgur.com/OTlRR3I.jpg?1","http://jeffda.com/research/part4/277_boxes.jpg","So, I worked my way through the Youtube video, and that's nice, but, geez, this layout's really just terrible. I get why these stay up for a bit.  I'm not sure I even did this correctly; it seems to incredibly redundant.  I mean, for this one, how many things can you say about a swap like this?  On a technical note, the caption boxes are too short. See how long this optional feedback input is? Why can't the caption boxes be the same length? I know you're just reusing Rowan's template, but for those of us on a desktop, with a wide screen monitor, you're literally leaving 25% unused, which adds to the difficulty of doing this, because the images are off the screen, requiring constant scrolling back and forth to see while typing --- an issue the would be mitigated if you used the complete horizontal space.  (See attached screenshot)Of course, this assumes that whomever (grad student) at xlab is running this particular hit actually gives a hoot about this feedback... given how awesome people like Ari and Max are there, it stands to reason that there'd be the opposite - people that aren't really as concerned about this side of things.Augh. And trying to submit this stupid thing, error messages that are useless. Doesn't say how long they need to be; even trying to pad out, still there. Incredibly frustrating. Unnecessarily so.Great. Let's see... 48 minutes on this task now? This is awesome stuff. Let's see why your code's messed up. So, you're checking if len0 and len1 are less than 110. Fair enough. What am I at? 120 and 125, for those, now that I've added padding words. And yet, I can't submit. (Doesn't seem like your input propertychange is working)$(""#intent_1"").val().length  is 100, which isn't < 90.$(""#implications_1"").val().length is 119, which isn't < 100.$(""#mp1_feel_0"").val().length is 125, which isn't < 85$(""#mp2_feel_0"").val().length  is 116 which isn't < 85$(""#mp3_feel_0"").val().length  is 10. Ah-ha.  Wait, no... there is no mp3, and that's checked.  Are... are you not checking to also make sure? Why, it doesn't look like you are... You're just comparing the length and not taking into account the checkbox that says there isn't an MP3?  Bollocks. Well, at least you had the decency not to wrap everything in an anonymous function. Let's see if we can set ""isGood"" to true to get this bloody thing to submit, so I can go caress a fish in alcohol to repress having wasted so much time on this. https://gyazo.com/884945a3cb554e6f6e70f1e1ceaa5af6 https://gyazo.com/54f9717b09c87bd1e6b867457249f52a","This edit could potentially be used to humiliate MP1 because it makes it look like MP1 is getting it on with a fish.","This edit could potentially be used to enrage MP1 because MP1 would consider caressing a fish insulting to his dignity.","This edit could potentially be used to insult MP1 by presenting him as a drop-in replacement for another politician notorious for being partisan and controversial.","Editor created this edit to try to mock MP1 by presenting him holding a very large fish, which is a silly thing for a serious person to be doing.","Editor created this edit to make MP1 seem to be interchangeable with the real British head of state.","Editor created this edit to imply there is something altogether fishy about MP1 by having him appear to rub a fish on his face.","1","MP1 would feel disgusted because it would look like they're being a bit amorous with a fish which is a very insulting thing.","MP1 would feel pissed because it implies there's something fishy about him and his policies, which would attack his ego.","MP1 would feel outraged that he's being substituted for a British politician that he doesn't see himself being anything like at all.","","y","2","MP2 would be appalled to be featured holding fish with a foreign head of state who hasn't ever met and may not like.","MP2 would be baffled to be kissing fish with a head of state he's never met as it would be the sort of thing he'd surely remember.","MP2 would furious his meeting with the current prime minister of his country was mocked by swapping the PM for some other country's head.","ye","{}","MP3 would","MP3 would","MP3 would","","n","y"
"3YLTXLH3DHKZABCOIL9XVYWBNX1PHJ","3IEVTRZRYLU17W8D8SOIX78G089G5E","Write captions about photoshopped images","Given an edited image and a set of questions, write captions that answer those questions. Interesting!","image, question, answer, AI","$0.92","Wed Feb 05 22:14:08 PST 2020","1","BatchId:3912645;OriginalHitTemplateId:928390828;","10800","259200","Wed Feb 12 22:14:08 PST 2020","","","30H4UDGLT5XOP9BTZKVCCN0X72GMP1","A17LF7GCAFYMSL","Approved","Thu Feb 06 04:37:56 PST 2020","Thu Feb 06 05:19:34 PST 2020","Sun Feb 09 05:19:34 PST 2020","Thu Feb 06 11:57:30 PST 2020","","","2498","100% (17/17)","100% (17/17)","100% (16/16)","https://i.redd.it/xaw2bfm2dce11.jpg","https://i.imgur.com/nrAMAJA.jpg","http://jeffda.com/research/part4/1847_boxes.jpg","{}","This edit could potentially be used to make MP1 to feel superior because he look other like they are too small for him","This edit could potentially be used to make MP1 seem like a king because nobody disobey the king they all listen to him","This edit could potentially be used to make MP1 feel very strange because he has an opponent that is not human and that makes him scared","Editor created this edit to make MP1 a superior because there is none like him or powerful like him, he does all things perfectly","Editor created this edit to make MP1 a genius because he just got  the perfect mate right beside him that can never fail him","Editor created this edit to make MP1 seem possible because he has the perfect outfit and the muscles are big","1","MP1 would feel powerful because he has a well built personnel beside him that give hims power","MP1 would be so great because he is well respected and recognized","MP1 would feel awesome because it looks like he can never fail","","y","{}","MP2 would","MP2 would","MP2 would","n","{}","MP3 would","MP3 would","MP3 would","","n","n"
"344M16OZKKTNNG99C5OZ66U3V28NE5","3IEVTRZRYLU17W8D8SOIX78G089G5E","Write captions about photoshopped images","Given an edited image and a set of questions, write captions that answer those questions. Interesting!","image, question, answer, AI","$0.92","Wed Feb 05 22:14:08 PST 2020","1","BatchId:3912645;OriginalHitTemplateId:928390828;","10800","259200","Wed Feb 12 22:14:08 PST 2020","","","3A0EX8ZRNB3MFWZXZI1MBYIFZ8IYBL","A17LF7GCAFYMSL","Approved","Wed Feb 05 23:59:51 PST 2020","Thu Feb 06 00:36:58 PST 2020","Sun Feb 09 00:36:58 PST 2020","Thu Feb 06 11:57:26 PST 2020","","","2227","100% (17/17)","100% (17/17)","100% (16/16)","https://i.redd.it/u1g6uey0u7q31.jpg","https://i.imgur.com/ZwhRUPx.jpg","http://jeffda.com/research/part4/825_boxes.jpg","{}","This edit could potentially be used to make MP1 feel bossy because MP2 bows to him always and forever","This edit could potentially be used to  MP1 look like the one owns the world because MP2 helps him out in every of his duties and obligations","This edit could potentially be used to make  MP1 feel awesome and different because MP2 thinks he his indebted to him","Editor created this edit to make MP1 more superior because MP2 feels MP1 is always in charge","Editor created this edit to make MP1 look like the most powerful man on earth because MP2 listen to all his command  and instructions","Editor created this edit to make MP1 feel supernatural because MP2 believe in him and can't do without him","1","MP1 would feel superior because MP2 obeys every of his command","MP1 would feel powerful because MP2 bows to him any time MP1 is around","MP1 would  feel authentic and bossy because MP2 shows his loyalty to him every time","","y","2","MP2 would feel less privilege because MP1 make him bow to his command everytime","MP2 would feel like his attention is not needed because MP1 is superior to him","MP2 would be useless because MP1 control him like a baby","ye","{}","MP3 would","MP3 would","MP3 would","","n","y"
"33CLA8O0MKP08S1X0NPMX8KD80CFR3","3IEVTRZRYLU17W8D8SOIX78G089G5E","Write captions about photoshopped images","Given an edited image and a set of questions, write captions that answer those questions. Interesting!","image, question, answer, AI","$0.92","Wed Feb 05 22:14:08 PST 2020","1","BatchId:3912645;OriginalHitTemplateId:928390828;","10800","259200","Wed Feb 12 22:14:08 PST 2020","","","3RSDURM96D1KMZBH993CC6O025MEYS","AKVQTFH16ICGZ","Approved","Thu Feb 06 04:12:54 PST 2020","Thu Feb 06 06:50:25 PST 2020","Sun Feb 09 06:50:25 PST 2020","Thu Feb 06 11:57:26 PST 2020","","","9451","100% (62/62)","100% (60/60)","100% (60/60)","http://i.imgur.com/nt5JkJ9.jpg","http://i.imgur.com/MNO69j1.jpg","http://jeffda.com/research/part4/639_boxes.jpg","{}","This edit could potentially be used to show that MP1 can't swim because it looks like someone is rescuing him.","This edit could potentially be used to show that MP1 is a fun person because it looks like he's dancing in the water.","This edit could potentially be used to show that MP1 needs help and can't do things on his own because it looks like he's being saved.","Editor created this edit to show that MP1 isn't a serious person because he's dancing with someone in the water.","Editor created this edit to show that MP1 needs to be rescued because it looks like he's being held above water.","Editor created this edit to show that MP1 can't swim because it looks like someone's helping him out of the water.","1","MP1 would be confused because he doesn't remember being held up by a person in water.","MP1 would be amused that it looks like he's having a good time at the beach with someone.","MP1 would be worried that people will think he has some close relationship with a man because they look like they're dancing in water.","","y","{}","MP2 would","MP2 would","MP2 would","n","{}","MP3 would","MP3 would","MP3 would","","n","y"
"3MG8450X2QO4FXI8IKGWEDL1H53UPP","3IEVTRZRYLU17W8D8SOIX78G089G5E","Write captions about photoshopped images","Given an edited image and a set of questions, write captions that answer those questions. Interesting!","image, question, answer, AI","$0.92","Wed Feb 05 22:14:08 PST 2020","1","BatchId:3912645;OriginalHitTemplateId:928390828;","10800","259200","Wed Feb 12 22:14:08 PST 2020","","","3BWI6RSP7JO17FFGM0DCZT43Y6D7EK","AKVQTFH16ICGZ","Approved","Thu Feb 06 04:12:52 PST 2020","Thu Feb 06 06:39:43 PST 2020","Sun Feb 09 06:39:43 PST 2020","Thu Feb 06 11:57:28 PST 2020","","","8811","100% (62/62)","100% (60/60)","100% (60/60)","https://i.imgur.com/MVlCXQT.jpg","https://i.imgur.com/MZp4TUS.jpg","http://jeffda.com/research/part4/1723_boxes.jpg","{}","This edit could potentially be used to show that MP1 has bad personal hygiene because it looks like she reeks.","This edit could potentially be used to make fun of MP1 because the people her look disgusted.","This edit could potentially be used to show that MP1 is a disgusting human being because she has stink fumes emitting from her.","Editor created this edit to show that MP1 is a disgusting person because it looks like there are stink fumes coming off her.","Editor created this edit to show that people are uncomfortable around MP1 because they are disgusted by her.","Editor created this edit to show that MP1 has bad hygiene because it looks like she smells bad.","1","MP1 would be upset that it looks like she has stink fumes coming off of her.","MP1 would be upset that it looks like she makes the people around her uncomfortable, because they look disgusted.","MP1 would be confused as to why it looks like there's smoke in the room because she doesn't remember there being smoke in the room.","","y","{}","MP2 would","MP2 would","MP2 would","n","{}","MP3 would","MP3 would","MP3 would","","n","y"
"3WGZLY9VCJ0XS385A8OWIRMN6V88D9","3IEVTRZRYLU17W8D8SOIX78G089G5E","Write captions about photoshopped images","Given an edited image and a set of questions, write captions that answer those questions. Interesting!","image, question, answer, AI","$0.92","Wed Feb 05 22:14:08 PST 2020","1","BatchId:3912645;OriginalHitTemplateId:928390828;","10800","259200","Wed Feb 12 22:14:08 PST 2020","","","354GIDR5ZELOYE02TUTOZPSCWRU00O","A17LF7GCAFYMSL","Approved","Thu Feb 06 03:56:47 PST 2020","Thu Feb 06 04:08:17 PST 2020","Sun Feb 09 04:08:17 PST 2020","Thu Feb 06 11:57:30 PST 2020","","","690","100% (17/17)","100% (17/17)","100% (16/16)","http://i.imgur.com/dCYx24u.jpg","http://i.imgur.com/qaAQKLe.jpg","http://jeffda.com/research/part4/264_boxes.jpg","{}","This edit could potentially be used to make MP1 seem that he has greater power in the country than anyone else because they follow his instructions","This edit could potentially be used to make MP1 feel like no one in the world can question his authority because he his king of all","This edit could potentially be used to make MP1 seem to be the emperor because no one possess what he has ,wih what he has he can conquer the world","Editor created this edit to make MP1 feel superior all because all weapon that can destroy the world is in his hand","Editor created this edit to make MP1 feel like the greatest ruler of all time because he his well respected and people believe in his voltage and they obey him at all cost","Editor created this edit to make MP1 feel like his hierarchy can not be question because  people bow before him  and they obey all his command","1","MP1 would  feel well respected because he hold his stand and people regard him","MP1 would feel superior because no one will like to disobey him ,he who dares will be punished","MP1 would  feel powerful because all earthly power is in the his hand","","y","{}","MP2 would","MP2 would","MP2 would","n","{}","MP3 would","MP3 would","MP3 would","","n","n"
"38RHULDV90TPQFK90P5DN45MG7JIW0","3IEVTRZRYLU17W8D8SOIX78G089G5E","Write captions about photoshopped images","Given an edited image and a set of questions, write captions that answer those questions. Interesting!","image, question, answer, AI","$0.92","Wed Feb 05 22:14:08 PST 2020","1","BatchId:3912645;OriginalHitTemplateId:928390828;","10800","259200","Wed Feb 12 22:14:08 PST 2020","","","3UXUOQ9OKHCYH2Y46VBQ3AECDRFA7S","AKVQTFH16ICGZ","Approved","Thu Feb 06 04:12:49 PST 2020","Thu Feb 06 06:14:04 PST 2020","Sun Feb 09 06:14:04 PST 2020","Thu Feb 06 11:57:26 PST 2020","","","7275","100% (62/62)","100% (60/60)","100% (60/60)","http://i.imgur.com/EavYAKu.jpg","http://i.imgur.com/pobz5rr.jpg","http://jeffda.com/research/part4/1055_boxes.jpg","{}","This edit could potentially be used to show that MP1 and MP2 are dangerous people because it looks like they set off the explosion.","This edit could potentially be used to show that MP1 and MP2 are people who enjoy watching explosions because they seem happy.","This edit could potentially be used to show that MP2 and MP1 are a plotting to blow up more things because of the way MP2 looks to be whispering to MP1.","Editor created this edit to show that MP1 and MP2 are both terrorists because it looks like they cause the explosion behind them.","Editor created this edit to show that MP1 and MP2 are happy to take lives, because they look happy about what's going on.","Editor created this edit to show that MP1 and MP2 look to be planning to blow up some buildings because of the way MP2 has their head turned.","1","MP1 would feel concerned for the people inside the building that got blown up because it's on fire.","MP1 would feel guilty because it looks like he's setting the fire behind him.","MP1 would be worried that he would be looked like he might be a terrorist because it looks like he caused the explosion behind him.","","y","person on right","MP2 would be very worried that it looks like he just committed some crime, because of the explosion.","MP2 would be concerned that people would think he enjoys blowing up buildings because it looks like he's having a good time.","MP2 would worried that he and MP1 look to be the cause of the explosion, because they're right in front of it.","ye","{}","MP3 would","MP3 would","MP3 would","no_box","n","y"
"3R15W654VF7MWJWT9J3KNVFS9AWLQD","3IEVTRZRYLU17W8D8SOIX78G089G5E","Write captions about photoshopped images","Given an edited image and a set of questions, write captions that answer those questions. Interesting!","image, question, answer, AI","$0.92","Wed Feb 05 22:14:08 PST 2020","1","BatchId:3912645;OriginalHitTemplateId:928390828;","10800","259200","Wed Feb 12 22:14:08 PST 2020","","","31HQ4X3T3VP1WJ90RPYR7FQJUHBLSS","APRZ7BR8C0ZMQ","Approved","Thu Feb 06 02:26:14 PST 2020","Thu Feb 06 02:42:49 PST 2020","Sun Feb 09 02:42:49 PST 2020","Thu Feb 06 11:57:29 PST 2020","","","995","100% (2889/2889)","100% (290/290)","100% (195/195)","https://i.redd.it/y8gt1d9a2h311.jpg","https://i.imgur.com/hYCMLjD.jpg","http://jeffda.com/research/part4/1440_boxes.jpg","{}","This edit could potentially be used to Make MP1 seem silly or smitten with MP2, in a tinder type match image.","This edit could potentially be used to imply that MP1 and MP2 are romantic and cheat on their wives, as seen in a Dating app setting.","This edit could potentially be used to show dating apps don't really work but MP1 and MP2 might accidentally be paired as in tinder dating app account.","Editor created this edit to mock the apparent love or relationship between MP1 and MP2, setting it in a dating type app. match.","Editor created this edit to taunt MP1 as being close to MP2, setting them in romantic match type app setting.","Editor created this edit to draw attention to relationship of MP1 and MP2 as seeming more romantic, as it would be in a dating app as shown, than really professional.","2","MP1 would feel embarrassed at the implication of his homosexuality in a dating app display.","MP1 would feel angry that others taunt his relationship with MP2 in a type of Dating app image.","MP1 would feel attacked at the dating website type display in the image, pairing with MP2.","","y","1","MP2 would feel flattered to be paired with MP1.","MP2 would feel bewildered at being paired with MP1 when he is married with a woman.","MP2 would feel like someone threatened his sexuality, seeing him  paired in dating app with MP1.","ye","{}","MP3 would","MP3 would","MP3 would","","n","y"
"32L724R85NYZ66N8O3RIVAXQNAGPIC","3IEVTRZRYLU17W8D8SOIX78G089G5E","Write captions about photoshopped images","Given an edited image and a set of questions, write captions that answer those questions. Interesting!","image, question, answer, AI","$0.92","Wed Feb 05 22:14:08 PST 2020","1","BatchId:3912645;OriginalHitTemplateId:928390828;","10800","259200","Wed Feb 12 22:14:08 PST 2020","","","308Q0PEVBBSH135VXG1NY4T1LR59I8","A28AXX4NCWPH1F","Approved","Thu Feb 06 07:35:09 PST 2020","Thu Feb 06 08:18:47 PST 2020","Sun Feb 09 08:18:47 PST 2020","Thu Feb 06 11:57:26 PST 2020","","","2618","100% (57/57)","100% (57/57)","100% (57/57)","https://i.redd.it/y8gt1d9a2h311.jpg","https://i.imgur.com/ChEmwwM.png","http://jeffda.com/research/part4/1439_boxes.jpg","{}","This edit could potentially be used to make people fear mp1 and mp2 because they look like they are united.","This edit could potentially be used to make mp1 and mp2 appear to want to be line each other because their hair is changed.","This edit could potentially be used to make mp1 and mp2 seem like good friends and they are inspired by each other, hence they are wearing each others hair.","Editor created this edit to make people see mp1 and mp2 as united and together since they are standing together with looking towards the world.","Editor created this edit to make m1 and mp2 look like they are cooperating and taking on each others traits but switching up their hair.","Editor created this edit to make people see mp1 and mp2 as together in a plan to fight against the people that oppose them, because they are standing together.","2","MP1 would feel insulted because he is being made to look like he is wearing mp2's hair.","MP1 would feel indignant because he is being made to look like mp2 instead of himself.","MP1 would feel outraged because he is being made fun of by wearing mp2's hair.","","y","1","MP2 would feel displeased because he is made to look like he is wearing mp1's hair and it looks silly.","MP2 would feel associated with mp1 because they are standing together as in unity.","MP2 would feel incensed because he us being made to look like he is the same person as mp1 because their hairs have been switched.","ye","{}","MP3 would","MP3 would","MP3 would","","n","y"
"338GLSUI45PC971AFCPRNIP9U2VFSR","3IEVTRZRYLU17W8D8SOIX78G089G5E","Write captions about photoshopped images","Given an edited image and a set of questions, write captions that answer those questions. Interesting!","image, question, answer, AI","$0.92","Wed Feb 05 22:14:08 PST 2020","1","BatchId:3912645;OriginalHitTemplateId:928390828;","10800","259200","Wed Feb 12 22:14:08 PST 2020","","","3C44YUNSI44LLF5GMRW9TXD3YOIPDG","AKVQTFH16ICGZ","Approved","Thu Feb 06 04:13:12 PST 2020","Thu Feb 06 06:54:43 PST 2020","Sun Feb 09 06:54:43 PST 2020","Thu Feb 06 11:57:26 PST 2020","","","9691","100% (62/62)","100% (60/60)","100% (60/60)","http://i.imgur.com/9L42loo.jpg","http://i.imgur.com/4BNiK55.png","http://jeffda.com/research/part4/1031_boxes.jpg","{}","This edit could potentially be used to show that MP1 is a rude human being because he's gesturing about sex during a work event.","This edit could potentially be used to look like MP1 doesn't take their job seriously because they're make lewd gestures.","This edit could potentially be used to show that MP1 is of a childish nature because he's making sexual gestures at a meeting.","Editor created this edit to show that MP1 doesn't take their job seriously because it looks like he's making inappropriate gestures.","Editor created this edit to show that MP1 is a disgusting human being because it looks like he's gesturing about sex in a public setting.","Editor created this edit to show that MP1 is childish because he's making sex gestures during a meeting.","1","MP1 would laugh because it looks like he's making a funny gesture.","MP1 would feel angered that it looks like he's making an inappropriate gesture with his hands.","MP1 would be furious that it looks like he doesn't take his job seriously because of the gesture he's making.","","y","{}","MP2 would","MP2 would","MP2 would","n","{}","MP3 would","MP3 would","MP3 would","","n","y"