image_index,mp1_feel_0,mp1_feel_1,mp1_feel_2,implications_0,implications_1,implications_2,intent_0,intent_1,intent_2
1610,MP1 would feel sad because they're not being made fun of.!,MP1 would feel like he is being made fun of.!,MP1 would feel like he made a lot of people laugh at the picture.!,Editor created this edit to make MP1 look like he is on a video game version of the game Donkey Kong and shown with a golf club.!,Editor created this edit to show that MP1 has the skills needed to find his job.!,Editor created this edit to make people think MP1 is amazing.!,This edit could potentially be used to make people think that MP1 likes to mimic other people.!,This edit could potentially be used to make people think that MP1 is a fun actor.!,This edit could potentially be used to show that MP1 and MP2 are playing fighting games.!
281,MP1 would feel sorry for himself because he wasn't being taken seriously!,MP1 would feel they are being made fun of by being depicted as doing something silly.!,MP1 would feel proud!,Editor created this edit to make MP1 appear like a pay it forward gofundme!,Editor created this edit to make MP1 look more silly!,Editor created this edit to make MP1 look weak.!,This edit could potentially be used to make MP1 look sad!,This edit could potentially be used to show MP1 as cool.!,This edit could potentially be used to make MP1 look silly.!
1472,MP1 would feel made fun of for being powerful.!,MP1 would feel like being a risk taker!,MP1 would feel like he was being made fun of.!,Editor created this edit to make MP1 seem athletic!,Editor created this edit to show that MP1 is a role model in life.!,Editor created this edit to compare MP1 and the character inside the main characters group to evil.!,This edit could potentially be used to make MP1 seem powerful.!,This edit could potentially be used to make MP1 seem like a clunky police officer.!,This edit could potentially be used to show MP1 is weak.!
1711,MP1 would feel strong!,MP1 would feel confused because there wasn't a statue on his wall.!,MP1 would feel anointed to be honored by being presented with a Certificate of Success.!,Editor created this edit to show that MP1 is not very creative.!,Editor created this edit to mock the position of MP1 and MP2 is standing on.!,Editor created this edit to show MP1 as his follower of the spirit.!,This edit could potentially be used to make MP1 seem like a child.!,This edit could potentially be used to make people laugh.!,This edit could potentially be used to show MP1 is aÂ  better tactician than he is.!
1345,MP1 would feel the same way as everyone else!,MP1 would feel like he is getting bullied because he has such powerful force against the stairs.!,MP1 would feel lighthearted for yelling at her.!,Editor created this edit to make MP1 look like a bad father because of the associations he plays with to women.!,Editor created this edit to make fun of MP1's appearance.!,Editor created this edit to show MP1 as a fan of MP2.!,This edit could potentially be used to show that MP1 is not an artist!,This edit could potentially be used to show that MP1 is not strong enough to stand and fight.!,This edit could potentially be used to make people think MP1 and MP2 are a prick.!
1196,MP1 would feel offended because he looks like he was shown to be afraid of the lamp spamming.!,MP1 would feel like laughing at himself being in the wrong place at the wrong time.!,MP1 would feel like he's never created this universe before.!,Editor created this edit to make people laugh at MP1 at the fact that he's not there in the video game graphics.!,"Editor created this edit to show people as a, well, community member.!",Editor created this edit to show people have the talent for using a microphone.!,This edit could potentially be used to show MP1 is awesome!,This edit could potentially be used to make MP1 appear crazy.!,This edit could potentially be used to make MP1 look like a put up candidate for a leadership position.!
1048,MP1 would feel like he looks beautiful!,MP1 would feel special.!,MP1 would feel like the temple in front of him can't be returned.!,Editor created this edit to show MP1 as important as a face!,Editor created this edit to make MP1 look like they have as large hair as a flatpak is ridiculous!,Editor created this edit to make MP1 appear annoyed because he has always been there and shown to be a sneaky person!,This edit could potentially be used to make people laugh at MP1 for standing in a trance way.!,This edit could potentially be used to show MP1 in this situation.!,This edit could potentially be used to make fun of MP1!
1625,MP1 would feel like he is being made fun of!,MP1 would feel silly because he doesn't wear it.!,MP1 would feel amused by the joke she was made for being put on a fire train.!,Editor created this edit to show that MP1 and MP2 are less skilled.!,Editor created this edit to mock MP1 for having difficulty with art!,Editor created this edit to show that MP1 and MP2 are lovers as they do sexual things together in video games.!,This edit could potentially be used to show a spy in an interesting role!,This edit could potentially be used to show that MP1 is cool.!,This edit could potentially be used to make MP1 look dumb.!
196,MP1 would feel patriotic to have the boat around him in general!,MP1 would feel like it was weird to not see himself in a picture on the wall in the picture!,MP1 would feel like laughing because he is in the shoo in front.!,Editor created this edit to make fun of MP1 with this look.!,"Editor created this edit to show that MP1, MP2, and MP3 are allowed to dress as awesome ladies.!",Editor created this edit to make MP1 look like he loves everyone else!,This edit could potentially be used to make MP1 look evil.!,This edit could potentially be used to make people think MP1 was a freak.!,This edit could potentially be used to highlight the respect the community has for MP1.!
1219,MP1 would feel as if he was stronger than any other people.!,MP1 would feel powerful!,MP1 would feel a good mental state.!,Editor created this edit to make a mad version of MP1's face look like he was dunked by a Disney mascot.!,Editor created this edit to make it seem like MP1 is a negative person.!,Editor created this edit to show the awesome MP1 looks like they are getting a haircut.!,This edit could potentially be used to make MP1 look crazy and out of place.!,This edit could potentially be used to show that MP1 is dangerous as an ass.!,This edit could potentially be used to make MP1 appear like a badass.!
2610,MP1 would feel scared.!,MP1 would feel like a natural artist!,MP1 would feel that was cool because MP2 always looks like they are being made fun of.!,Editor created this edit to draw attention to MP1's campaign posture!,Editor created this edit to to make MP1 look silly and silly.!,"Editor created this edit to make MP1 look like a wizard because he is powerful, because he knows how to scare people.!",This edit could potentially be used to show the dangers of people standing next to MP1.!,This edit could potentially be used to make MP1 look funny.!,This edit could potentially be used to show that MP1 is in an area where he's not wearing a hat.!
2515,MP1 would feel confused because he wasn't able to remember what they were doing before singing!,MP1 would feel like he's giving it all away.!,MP1 would feel confused because he never going to get a baseball club.!,Editor created this edit to make fun of MP1's dirty shoes.!,Editor created this edit to make MP1 look silly!,Editor created this edit to make it look like MP1 is being with a little blue magical weapon.!,This edit could potentially be used to make MP1 look childish.!,This edit could potentially be used to show MP1 as being funny.!,This edit could potentially be used to make people laugh.!
2764,MP1 would feel crazy!,MP1 would feel happy about being at the White House.!,MP1 would feel angry!,Editor created this edit to make fun of MP1 for being so important to MP2!,Editor created this edit to show MP1 as a player at the height of his story.!,Editor created this edit to make MP1 look inhuman and incompetent for his actions.!,This edit could potentially be used to make it seem like MP1 is in the anti-establishment status quo!,This edit could potentially be used to show that MP1 has a crazy smile on his face.!,This edit could potentially be used to make people laugh.!
2688,MP1 would feel like a kid.!,MP1 would feel like they are being made fun of.!,MP1 would feel powerful.!,Editor created this edit to make MP1 appear like a freak.!,Editor created this edit to make MP1 look like he has a great place to go if not setting a good example for his kids.!,Editor created this edit to show that MP1 and MP2 are as tough as the rest of the world.!,This edit could potentially be used to show that MP1 can do both cute and evil things.!,This edit could potentially be used to make MP1 appear brave.!,This edit could potentially be used to show that MP1's bravado was not being taken seriously as a member of a little movie group.!
1104,MP1 would feel confused because they have never actually seen it.!,MP1 would feel that he can't stand holding a body shape.!,MP1 would feel highly amused that people think they can call him a vampire.!,Editor created this edit to make it seem like MP1's skin color is her father's heritage.!,Editor created this edit to show that MP1 has a skill of interpretation.!,Editor created this edit to make MP1 look more mature and funny.!,This edit could potentially be used to create an image of MP1 being a believer in reincarnation.!,This edit could potentially be used to make MP1's supporters look silly.!,This edit could potentially be used to make people feel like MP1 is really drunk.!
2594,MP1 would feel like they are being made fun of by controlling 1.!,MP1 would feel he is being made fun of.!,MP1 would feel like a poor person because they didn't dance in a dank theater.!,Editor created this edit to make MP1 feel foolish because he's not actually at the school.!,Editor created this edit to make fun of MP1's utterances as a taken shot at a popular famous movie poster.!,Editor created this edit to show that MP1 is very respected by everyone.!,This edit could potentially be used to show that MP1 is scared of heights.!,This edit could potentially be used to show MP1 as inappropriate for his looks in the bedroom.!,This edit could potentially be used to make MP1 look like a bizarre drunk.!
1609,MP1 would feel like an under-aged guy because it looks like he looks pretty well rounded.!,MP1 would feel like laughing at his work from earlier.!,MP1 would feel like they have a place on the baby's hands.!,Editor created this edit to show that MP1 is not a fan of change.!,Editor created this edit to make fun of MP1's dog behavior.!,Editor created this edit to imply that MP1 has a strong sense of humor because he thinks it's funny to pretend MP2 is sitting on a picture album.!,This edit could potentially be used to show that MP1 has control over the life and days of his soul.!,This edit could potentially be used to show MP1 is a natural athlete.!,This edit could potentially be used to make MP1 and MP2 look like they are lazy.!
1033,MP1 would feel that he is cool to be in the world with a president as a hero.!,MP1 would feel like one of the best fun times of the week because he is holding a chainsaw.!,MP1 would feel like laughing at the silly expression he is making.!,Editor created this edit to show that MP1 and MP2 can play together.!,Editor created this edit to make MP1 look like he's next to space to make himself cool by wearing a cat hat.!,Editor created this edit to make it look like MP1 is being created to confuse kids.!,This edit could potentially be used to make MP1 appear unfaithful to others!,This edit could potentially be used to make MP1 look superior to similar fighters like a bad drug dealer.!,This edit could potentially be used to make people think MP1 is silly!
207,MP1 would feel like laughing because he was doing something silly.!,MP1 would feel like he is seen as being disparaged because he looks like a hated figure.!,MP1 would feel like he is being made fun of.!,Editor created this edit to make a political statement!,Editor created this edit to make MP1 seem silly!,Editor created this edit to make MP1 seem like a character that hates video games because he has to turn to the heart to make others angry.!,This edit could potentially be used to make fun of MP1 and his dance partner.!,This edit could potentially be used to show that MP1 was on the job station with the Emergency Management Authority.!,This edit could potentially be used to make MP1 look like he is burning up the earth because he is not trying to get rid of the planet.!
824,MP1 would feel powerful.!,MP1 would feel a great pride that he is respected!,MP1 would feel embarrassed to be in a picture for the wearing of sunglasses.!,Editor created this edit to show that MP1 is on the air.!,Editor created this edit to make people think MP1 is created to be a choice!,Editor created this edit to make MP1 seem angry because he is holding a gun.!,This edit could potentially be used to embarrass MP1!,This edit could potentially be used to show MP1 as a thug!,This edit could potentially be used to make fun of MP1.!
684,MP1 would feel super strong!,MP1 would feel excited for having met his neighbors.!,MP1 would feel like she's getting made fun of because she has a clever smile on her face.!,Editor created this edit to show MP1 as the person who is being created to be a king of a bunch of important people!,Editor created this edit to make MP1 look more powerful because he is topless.!,Editor created this edit to make MP1 look funny because the nose of MP2 is curled in place.!,This edit could potentially be used to give MP1 an equal playing field in the world!,This edit could potentially be used to make MP1 seem funny!,This edit could potentially be used to make people think that MP1 is flattered at having a movie award on his hands.!
493,MP1 would feel like he is being mocked.!,MP1 would feel its oppression is misrepresented to be truly interesting.!,MP1 would feel proud that it is her edit on people.!,Editor created this edit to make people think MP1 is a troll.!,Editor created this edit to make MP1 appear to be anything more than a human being.!,Editor created this edit to make it seem like MP1 is on the pole.!,This edit could potentially be used to make MP1 look silly to talk about how his ear is cute.!,This edit could potentially be used to make people believe that MP1 is a one-dimensional people.!,This edit could potentially be used to make MP1 appear to be a bad actor.!
2725,"MP1 would feel like a androgynous person because of the round number, similarity between his face and the love of one of his followers.!",MP1 would feel like he isn't allowed by the law to insult.!,MP1 would feel relieved to see his rule changed because they feel good for being in the outdoors.!,Editor created this edit to show that MP1 has always been known to be a guy with great hair and doesn't like old people.!,Editor created this edit to show that MP1 is fighting not to entertain or entertain the country.!,Editor created this edit to make MP1 look like he has no children at his age.!,This edit could potentially be used to make people think that MP1 is silly because he is carrying a cart.!,This edit could potentially be used to make MP1 look silly and annoyed because he's never holding a weapon.!,This edit could potentially be used to scare people!
2652,MP1 would feel magical and feel like she is falling for all of the time.!,MP1 would feel disgusted that people think he's being made fun of.!,MP1 would feel like he is in a dangerous world.!,Editor created this edit to make MP1 look unbeatable.!,"Editor created this edit to make MP1 look like a ""monster"" for MP2.!",Editor created this edit to make fun of MP1 for holding an event!,This edit could potentially be used to make MP1 look like a king of potatoes.!,This edit could potentially be used to suggest that MP1 is stupid.!,This edit could potentially be used to make MP1 look like he wants to say a lot to his fellow people.!
2144,MP1 would feel like laughing that they made a silly face.!,MP1 would feel funny.!,MP1 would feel good at eating out.!,Editor created this edit to make MP1 look cool!,Editor created this edit to show MP1 as an odd guy who likes Pokemon Pokemon from start to end.!,Editor created this edit to make MP1 look childish to the world.!,"This edit could potentially be used to create some tense situation, like a photo created to show MP1 as annoying.!",This edit could potentially be used to show that MP1 is self conscious!,This edit could potentially be used to make MP1 appear to be involved in the spread of false news about a political campaign.!
1881,MP1 would feel sorry that it looks like they get a bad mouth on them!,MP1 would feel taken seriously by the photographer.!,MP1 would feel like laughing because he can't help superpowers.!,Editor created this edit to show that MP1 is in space!,Editor created this edit to make fun of MP1 as his trusted make-up artist.!,Editor created this edit to make people laugh at MP1 being more nice than he is.!,This edit could potentially be used to make it seem like MP1 is up front in that one guy.!,This edit could potentially be used to Make fun of MP1.!,This edit could potentially be used to show that MP1 is not caught in a high school costume because he's wearing a beaded hat.!
291,MP1 would feel like he is taken seriously as the main character in drama.!,MP1 would feel that he's not taking his hair seriously.!,MP1 would feel like a sore chest after trying to give up control of the shooting.!,Editor created this edit to make MP1 look like a zombie that was eaten by an animal.!,Editor created this edit to make it seem like MP1 is one good thing for two reasons.!,Editor created this edit to show MP1 is too tough to leader as MP2.!,This edit could potentially be used to make MP1 look like a bad person.!,This edit could potentially be used to show MP1 has all of the options that they need to make it look like they can make MP1 look bad.!,This edit could potentially be used to show that MP1 likes to be alone and in such a self sugary way.!
1713,MP1 would feel good for it as a photo.!,MP1 would feel proud to be the body of MP2!,MP1 would feel like he is being made fun of!,Editor created this edit to make it look like MP1 and MP2 havea freakin' part of this universe coming down the stairs.!,Editor created this edit to compare MP1 to a company with a history of food inspired by their painting that is placed on the front of a donation taker.!,Editor created this edit to show that MP1 loves his chihuahua by his political position.!,This edit could potentially be used to embarrass MP1's showmanship.!,This edit could potentially be used to show that MP1 is not in a relationship with Mp1.!,This edit could potentially be used to make MP1 appear to be a royal user of copyright.!
2118,MP1 would feel it is important to show that he is tough and strong.!,MP1 would feel upset that people saw him looking like that!,MP1 would feel disappointed because he would not be recognized.!,Editor created this edit to make people laugh that MP1 looks more fun than the rest of us.!,Editor created this edit to imply that MP1 is weak because he is less protective of himself than the world.!,Editor created this edit to make people think that MP1 is a video game fan.!,This edit could potentially be used to make MP1 look arrogant.!,This edit could potentially be used to make MP1 as standing next to a statue.!,This edit could potentially be used to poke fun at MP1 and MP2.!
1957,MP1 would feel like they are a part of a amazing people.!,"MP1 would feel that his friends are there to see him as different from the other guys, since he is more powerful than all of the others!",MP1 would feel like they are being misunderstood.!,Editor created this edit to make a bad day call.!,"Editor created this edit to make MP1 look like a gentleman, for something.!",Editor created this edit to show that MP1 is not a politician.!,This edit could potentially be used to make MP1 look dumb because he is actually wearing a white shirt.!,This edit could potentially be used to make people believe MP1 is cool!,This edit could potentially be used to give people a bad impression that MP1 is mad for having made a people get into bed with MP2 in a public place.!
1749,MP1 would feel the memory of being called an immigrant is very powerful.!,MP1 would feel like an even iffy character.!,MP1 would feel silly!,Editor created this edit to make people think MP1 is the king.!,Editor created this edit to make fun of MP1's stance at a meeting.!,Editor created this edit to make MP1 look like a princess!,This edit could potentially be used to make people think MP1 is being captured by people.!,This edit could potentially be used to make MP1 look crazy.!,This edit could potentially be used to make MP1 look like a pansy.!
1983,MP1 would feel like being made to look like a movie character.!,MP1 would feel mad because he was never at Glamma Ramon again.!,MP1 would feel insulted that their faith was being misunderstood.!,Editor created this edit to make MP1 seem like he's in a future.!,Editor created this edit to make MP1 look like he has strong eyes.!,Editor created this edit to make fun of MP1 for looking like a flamboyant football player.!,This edit could potentially be used to make MP1 look like she's kind of having fun.!,This edit could potentially be used to show that MP1 is powerful.!,"This edit could potentially be used to show that MP1 is intelligent, therefore he is not on a living doll map because there are a good amount of people there!"
595,MP1 would feel confused about how his pose is really behind him.!,MP1 would feel hungry because they are afraid of the knife.!,MP1 would feel like a new person!,Editor created this edit to make it look like MP1 and MP2 are interchangeable.!,Editor created this edit to make MP1 look like a skater.!,Editor created this edit to make MP1 look like he is actually being made to look like he is with someone else.!,This edit could potentially be used to show that MP1 is seemingly out of step with the world.!,This edit could potentially be used to make people think MP1 is a fan of movies and bad things.!,This edit could potentially be used to make fun of MP1 for being a jack-of-all-trades.!
1646,MP1 would feel happy because he doesn't care how they look.!,MP1 would feel that it is funny that she is in a nude position.!,MP1 would feel like he is being made fun of.!,Editor created this edit to make MP1 look like a copy of a samurai!,Editor created this edit to make MP1 look silly for not having anything to do with being there at his birthday party.!,Editor created this edit to show that MP1 is not taking life seriously.!,This edit could potentially be used to show that MP1 is and shouldn't fight with anything.!,This edit could potentially be used to make it seem like MP1 was attacked by other people because they want to go where they are portrayed as dangerous.!,This edit could potentially be used to make MP1 look weird.!
38,MP1 would feel amused that he doesn't have those annoying looks.!,MP1 would feel like being made to look big for ever smelling a feather.!,MP1 would feel embarrassed because she is not sitting in a banana tree.!,Editor created this edit to make MP1 look a little weird!,Editor created this edit to make MP1 look cooler because he's a sunglasses person.!,Editor created this edit to make MP1 look heroic!,This edit could potentially be used to show that MP1 has more fear than the common sense.!,This edit could potentially be used to make MP1 look silly.!,This edit could potentially be used to make fun of MP1's style of dress.!
915,MP1 would feel afraid that they are being made fun of.!,MP1 would feel humiliated!,MP1 would feel like a baby in love with being seen as a personal hero!,Editor created this edit to show MP1 as a better dancer in this picture.!,Editor created this edit to make fun of MP1 holding the letter with an olive branch.!,Editor created this edit to make it look like MP1 is on a diet and eating what he likes.!,This edit could potentially be used to make people think MP1 likes cats.!,This edit could potentially be used to mock MP1 for the clothing he wears.!,This edit could potentially be used to make MP1 look cool.!
1601,MP1 would feel betrayed!,MP1 would feel honored because he saw a example of his office with him.!,MP1 would feel disappointed that there are not a sign on the living room wall that depicts him wearing a helmet.!,Editor created this edit to make fun of MP1 and MP2.!,Editor created this edit to make fun of MP1's hairstyle.!,Editor created this edit to make MP1 look heroic.!,This edit could potentially be used to make fun of the reference to a sex situation that MP1 has with MP2!,This edit could potentially be used to show that MP1 is a child in the field.!,This edit could potentially be used to make people laugh at MP1 holding a gold medal on his lap and holding a background painting.!
2453,MP1 would feel like they are superior because they don't look tough.!,MP1 would feel like a winner because he is able to see the president.!,MP1 would feel embarrassed because he likes cats.!,Editor created this edit to make people laugh because MP1 and MP2 are the same.!,Editor created this edit to draw attention to MP1 as doing a good job with the sheep.!,Editor created this edit to make MP1 appear as brave!,This edit could potentially be used to make it seem like MP1 is kind of being super arrogant because he is in control.!,"This edit could potentially be used to show that MP1 as a religious person has a conscience as to the meaning of the line, so many people wonder what it was that the officers were doing there.!",This edit could potentially be used to poke fun at MP1 for taking it easy with the law and doing his job as a post-pupil.!
553,MP1 would feel that it was flattering.!,MP1 would feel happy to see himself in the parade in glory.!,MP1 would feel like the earth is made up for everyone!,Editor created this edit to make MP1 look like a cat as well.!,Editor created this edit to make MP1 look scary.!,Editor created this edit to make MP1 look silly because they were not making fun of the dress.!,This edit could potentially be used to show that MP1 is mentally unstable!,"This edit could potentially be used to say, and believe, that MP1 might make a money make porn movie on us.!",This edit could potentially be used to show how it's bad to be embarrassed about looking out of place at people.!
2554,MP1 would feel like he was in control.!,MP1 would feel like he is not as awesome as he looks.!,MP1 would feel powerful and strong.!,Editor created this edit to show that MP1 is even nicer than a stupid person.!,Editor created this edit to show how negative MP1 and MP2 look like by doing whatever they want to do.!,Editor created this edit to make MP1 seem like someone on the streets loves to run off barriers.!,This edit could potentially be used to show that MP1 can't possibly be trusted.!,This edit could potentially be used to show that MP1 is a pain in the ass for holding a puppet puppet.!,This edit could potentially be used to make MP1 look silly as being made to look like a video game character!
2092,MP1 would feel like he is being made fun of.!,MP1 would feel annoyed about being looked like he is hilarious!,MP1 would feel that women are doing more harm to him than he does.!,Editor created this edit to make MP1 look silly with no shoes!,Editor created this edit to make people think MP1 does NOT realize how in love he is with others than us.!,Editor created this edit to make it look like MP1 is having a baby shower.!,This edit could potentially be used to make MP1 feel like they are a spy.!,This edit could potentially be used to make MP1 look like a rioting policeman!,This edit could potentially be used to make fun of MP1 and MP2's politics.!
1765,MP1 would feel highly offended that they are being made to look like he is taking money for a movie poster.!,MP1 would feel sorry for herself.!,MP1 would feel insulted that he is portrayed as going on an airplane for the first time.!,Editor created this edit to make MP1 look silly for playing on a bad tennis ball.!,Editor created this edit to make people laugh because MP1 is making a scary face.!,"Editor created this edit to portray MP1 as a very serious fellow, and as a leader.!",This edit could potentially be used to show how low a tournament place is.!,This edit could potentially be used to show that MP1 is aloof from politics.!,This edit could potentially be used to make MP1 feel like a child.!
153,MP1 would feel a little lazy for seeing himself in a different place.!,MP1 would feel strong!,MP1 would feel proud to be a victim of a beating!,Editor created this edit to show MP1 is ugly.!,Editor created this edit to show MP1 and MP2 as similar enemies.!,Editor created this edit to make a joke at MP1 for looking with a disgusting face and a real dog on his head.!,This edit could potentially be used to make MP1 appear like a movie star.!,This edit could potentially be used to make fun of MP1's clothing choices.!,This edit could potentially be used to make MP1 look like a country kid.!
1188,MP1 would feel powerful!,MP1 would feel happy that she looks badass.!,MP1 would feel amused!,Editor created this edit to portray MP1 as an idiot!,Editor created this edit to say MP1 isn't being taken seriously in his views.!,Editor created this edit to show that MP1 doesn't work as a leader because he is in government office.!,This edit could potentially be used to show that MP1 can of worms do these things because he is not coming out at the Tower ofHonolulu as a beach head.!,This edit could potentially be used to make it seem like 1 is disgusting.!,This edit could potentially be used to make people think that MP1 is politically sensitive!
400,"MP1 would feel like laughing because he was painting a ""vision of the face of the original face.!","MP1 would feel cool being recognized by everyone at, and I would wonder why they make these look like they are serious though.!",MP1 would feel like he is being made fun of because his mustache looks like he is being made fun of.!,Editor created this edit to make MP1 look like a head of lizards.!,Editor created this edit to make people think that MP1 is like the creator of all the dogs.!,"Editor created this edit to make a point about MP1's style, his hair.!",This edit could potentially be used to make people see MP1 as somewhat childish to riding a bike in nature.!,This edit could potentially be used to make fun of MP1 for wearing a moustache instead of an orange shirt.!,This edit could potentially be used to make people laugh at MP1's footwear.!
1228,MP1 would feel like he is being made fun of because he is a baka.!,MP1 would feel like he has a talent for being a leader.!,MP1 would feel so she can get a laugh at how big his hat is.!,Editor created this edit to show that MP1 should love the fire.!,"Editor created this edit to show MP1 can have a tough life, fighting in fear of getting himself hurt.!",Editor created this edit to make it seem like MP1 and MP2 are scared of mosquitoes.!,This edit could potentially be used to make MP1 appear to be in this position as a TNG member.!,This edit could potentially be used to make MP1 look like he is being wronged!,This edit could potentially be used to show that MP1 is the lord of the earth!
852,MP1 would feel stupid!,MP1 would feel proud for standing out in the crowd with so many guys!,MP1 would feel like being in the new stadium!,Editor created this edit to show MP1 in a very sensitive light.!,Editor created this edit to make MP1 feel like a superhero.!,Editor created this edit to make people think MP1 is being made fun of.!,This edit could potentially be used to show that MP1 is a friendly old man.!,This edit could potentially be used to make people laugh because MP1 wasn't smiling.!,This edit could potentially be used to show that MP1 is there because it is always a good thing that he is a badass.!
371,MP1 would feel like he is being taken seriously.!,MP1 would feel confused because it's not a star!,MP1 would feel very happy that his meeting with the ladies was being made fun of.!,Editor created this edit to make MP1 look childish!,Editor created this edit to create MP1 seem like he is caring enough to do it.!,Editor created this edit to show MP1 as such a creative person!,This edit could potentially be used to make people think MP1 is a super hero.!,This edit could potentially be used to show that MP1 is for adult entertainment.!,This edit could potentially be used to make fun of the backlash a troll has created on the internet.!
1816,MP1 would feel that he can't stop in the next photo!,MP1 would feel like someone sent him a meme because he is having a good time.!,MP1 would feel unapologetic!,Editor created this edit to show that MP1 is a danger to people.!,Editor created this edit to show MP1 has a funny streak of passion.!,Editor created this edit to make MP1 look childish!,This edit could potentially be used to show MP1 as a promoter that is no longer being serious about getting ahold of her.!,This edit could potentially be used to mock the thought that MP1 will avenge defamatory music.!,This edit could potentially be used to make MP1 appear like he has a clean and dry environment because there's something that is involved with that environment.!
1484,MP1 would feel amused at the dog and his dress being made for him.!,MP1 would feel like he made a lot of political speeches.!,MP1 would feel afraid of heights!,Editor created this edit to make MP1 look much cooler.!,Editor created this edit to make MP1 look like he's friends with MP2.!,Editor created this edit to show that MP1 and MP2 have a symbiotic relationship.!,This edit could potentially be used to make MP1 feel powerful.!,"This edit could potentially be used to show that MP1 is unnecessary, when he is acting in a self-promotional way.!",This edit could potentially be used to mock MP1's co-existence with the big fish.!
1548,MP1 would feel mad for his image!,"MP1 would feel annoyed, to have his face in his hand so easily.!",MP1 would feel like there will be something good in the picture because the pictures are all together.!,Editor created this edit to show how similar MP1 is to the black president.!,Editor created this edit to make MP1 look stupid!,Editor created this edit to show MP1's fire as part of a hand gesture that could potentially be used to show he is a little flimsy in games.!,This edit could potentially be used to embarrass MP1 in a way that MP2 will laugh because he looks like a frog.!,This edit could potentially be used to make MP1 look like he's wearing a silly hat.!,This edit could potentially be used to make it seem like MP1 is not going to defend his actions and want to get away with being out of the public arena.!
1340,MP1 would feel embarrassed to compare himself to a dictator!,MP1 would feel light at heart.!,MP1 would feel as if he is floating in space!,Editor created this edit to show MP1 as tough.!,Editor created this edit to make MP1 feel like the King Kong dummies he doesn't like.!,Editor created this edit to show that MP1 is incompetent.!,This edit could potentially be used to make people think MP1 is from the white supremacist beliefs of WWII.!,This edit could potentially be used to make people think MP1 is this tough guy.!,"This edit could potentially be used to make MP1 look heroic, and that is true, because it makes people think the American government is, in fact, getting power out of people who want power for themselves.!"
1781,MP1 would feel depressed to see himself being made to look like he's touched by it.!,MP1 would feel nostalgic for the past as a church leader.!,MP1 would feel embarrassed to be compared to the cat.!,Editor created this edit to make MP1 look foolish!,Editor created this edit to make a statement about fake guns being made in favor of MP1.!,Editor created this edit to make MP1 look bad because they's never smiling.!,This edit could potentially be used to make people think MP1 is a scientist.!,This edit could potentially be used to show that MP1 is in a good light.!,This edit could potentially be used to show that MP1 is misunderstood because he is not religious.!
952,MP1 would feel happy that he is being made fun of for eating a ball.!,MP1 would feel embarrassed because he looks so gross.!,MP1 would feel he is being made fun of.!,"Editor created this edit to make it look like MP1 has a severe punishment on his hands, since they are being made to look like they are off the man.!",Editor created this edit to make people laugh.!,Editor created this edit to make MP1 look like he has a whole bunch of monkeys chasing him in the picture.!,This edit could potentially be used to show that MP1 looks cool to other people.!,This edit could potentially be used to scare people because they are holding a frog.!,This edit could potentially be used to show MP1 as a weak character.!
859,MP1 would feel super cool for being in a powerful situation.!,MP1 would feel silly!,MP1 would feel like a freak!,Editor created this edit to say MP1 and MP2 are not mean because they are not making fire in the building.!,Editor created this edit to make it look like MP1 is in a relationship with a kid.!,Editor created this edit to show the effect MP1 can make MP1 look like he is pulling a horse out of a horse!,This edit could potentially be used to make MP1 a mad scientist because he's in front of a telescope that has a dead Trump statue on it.!,This edit could potentially be used to make people look stupid.!,This edit could potentially be used to make people think MP1 is a cartoon character.!
896,MP1 would feel happy because the cat is as happy!,MP1 would feel ugly!,MP1 would feel honored to be seen as a little girl.!,Editor created this edit to make MP1 and MP2 look scary.!,Editor created this edit to make MP1 look like he will take a stock picture of himself laughing at something.!,Editor created this edit to show that MP1's position is very important to people because of how his body looks.!,This edit could potentially be used to make people think MP1 is being scolded.!,This edit could potentially be used to make people think MP1 is a guitar player and that the same mistake was made to the troll hat in MP1's flashback.!,This edit could potentially be used to make people laugh at MP1 for sitting on a chair because he was not on the white chair.!
1091,MP1 would feel like they are being made fun of.!,MP1 would feel like laughing at the sight of a face is fake.!,MP1 would feel like he is a good one at heart.!,Editor created this edit to compare MP1 to a guy who thinks he is looking for a school friend.!,Editor created this edit to make MP1 look like he is handing out the presents.!,Editor created this edit to make MP1 and MP2 look awesome as they talk through a fight.!,This edit could potentially be used to mock MP1 and MP2.!,This edit could potentially be used to make MP1 appear like a little slut.!,"This edit could potentially be used to make people think MP1 is as majestic as a horse, when in reality he is a saint.!"
871,MP1 would feel silly because his name is not showing it was all humans.!,MP1 would feel depressed because it looked like he was a crazy character.!,MP1 would feel like he's in a bad movie.!,Editor created this edit to make MP1 look silly for being at the golf tournament.!,Editor created this edit to make MP1 feel like a loser because the music's over them.!,Editor created this edit to create a negative photo that is not edited to show MP1 as a piece of anyone.!,This edit could potentially be used to make people think that MP1 is made into a porn star!,This edit could potentially be used to make people laugh at MP1 for laughing.!,This edit could potentially be used to make people think MP1 has a different heart.!
1406,MP1 would feel like he's being made fun of because of the fact that his pants are too tight.!,MP1 would feel like watching his finger connect with MP2's eye.!,MP1 would feel like a crying baby.!,Editor created this edit to give MP1 a bad rap because he doesn't belong here.!,Editor created this edit to make MP1 seem violent.!,Editor created this edit to show people should look like a cool guy and want to make a star wide picture of a group of people because it looks silly to them.!,This edit could potentially be used to make people confused because MP1 is shown in a negative light because he is a powerful leader.!,This edit could potentially be used to make MP1 look foolish for being the first president on earth.!,This edit could potentially be used to show that MP1 is no fun looking.!
507,MP1 would feel like he's being made fun of.!,MP1 would feel like she is meeting the same person as she is being made fun of.!,MP1 would feel depressed because it looks like he's drunk!,Editor created this edit to make MP1 look smart because he looks like he is done driving a VW by the curb.!,Editor created this edit to show that MP1 is incompetent because he has been out in the public spotlight with foreign governments.!,Editor created this edit to give a tribute to 2.!,This edit could potentially be used to make fun of MP1's popularity.!,This edit could potentially be used to make MP1 look like he is not a biker.!,This edit could potentially be used to show that MP1 is an idiot because he never talks to people.!
904,MP1 would feel like they are getting in a funny mood.!,MP1 would feel like watching the bowl being held by bituminous molecules.!,"MP1 would feel like he is at a ball game, playing dirty.!",Editor created this edit to show that MP1 is controlled by MP2.!,Editor created this edit to make fun of MP1.!,Editor created this edit to give more people a piece of it because it is pretty silly that MP1 and MP2 can meet by train and not as serious as they feel about riding a horse.!,This edit could potentially be used to show MP1 is easily offended that he isn't at a post-election campaign event.!,This edit could potentially be used to make MP1 look childish because he's not making for a sandwich.!,This edit could potentially be used to make people laugh at MP1!
